Timestamp,Rg0,Rg1,Water Level
2021/5/18 0:00:00,0,0,1.710523333
2021/5/18 1:00:00,0,0,1.742356667
2021/5/18 2:00:00,0,0,1.77419
2021/5/18 3:00:00,0,0,1.806023333
2021/5/18 4:00:00,0,0,1.837856667
2021/5/18 5:00:00,0,0,1.86969
2021/5/18 6:00:00,0,0,1.901523333
2021/5/18 7:00:00,0,0,1.933356667
2021/5/18 8:00:00,0,0.688,1.96519
2021/5/18 9:00:00,0,0.688,1.997023333
2021/5/18 10:00:00,0,0.752,2.028856667
2021/5/18 11:00:00,0,0.752,2.06069
2021/5/18 12:00:00,0,0.752,2.092523333
2021/5/18 13:00:00,0,0.752,2.124356667
2021/5/18 14:00:00,0,0,2.15619
2021/5/18 15:00:00,0,0,2.15619
2021/5/18 16:00:00,0,0,2.15619
2021/5/18 17:00:00,0,0,2.132315
2021/5/18 18:00:00,0,0,2.084565
2021/5/18 19:00:00,0,0,1.989065
2021/5/18 20:00:00,0,0,2.01294
2021/5/18 21:00:00,0,0,1.91744
2021/5/18 22:00:00,0,0.688,1.989065
2021/5/18 23:00:00,0,0.688,1.91744
2021/5/19 0:00:00,0,0.752,1.86969
2021/5/19 1:00:00,0,0.752,1.91744
2021/5/19 2:00:00,0,0.752,1.91744
2021/5/19 3:00:00,0,0.752,1.941315
2021/5/19 4:00:00,0,0,1.989065
2021/5/19 5:00:00,0,0,1.96519
2021/5/19 6:00:00,0,0,2.01294
2021/5/19 7:00:00,0,0,2.01294
2021/5/19 8:00:00,0,0,2.132315
2021/5/19 9:00:00,0,0,2.084565
2021/5/19 10:00:00,0,0,2.01294
2021/5/19 11:00:00,0,0,2.036815
2021/5/19 12:00:00,0,0,2.036815
2021/5/19 13:00:00,0,0,1.941315
2021/5/19 14:00:00,0,0,1.91744
2021/5/19 15:00:00,0,0.056,1.893565
2021/5/19 16:00:00,0,0.304,1.91744
2021/5/19 17:00:00,0,0.336,1.91744
2021/5/19 18:00:00,0,0.344,1.86969
2021/5/19 19:00:00,0,0.344,1.82194
2021/5/19 20:00:00,0,0.344,1.845815
2021/5/19 21:00:00,0,0.344,1.82194
2021/5/19 22:00:00,0,0.344,1.798065
2021/5/19 23:00:00,0,0.344,1.86969
2021/5/20 0:00:00,0,0.344,1.82194
2021/5/20 1:00:00,0,0.344,1.86969
2021/5/20 2:00:00,0,0.344,1.845815
2021/5/20 3:00:00,0,0.344,1.86969
2021/5/20 4:00:00,0,0,1.845815
2021/5/20 5:00:00,0,0,1.845815
2021/5/20 6:00:00,0,0,1.82194
2021/5/20 7:00:00,0,0,1.845815
2021/5/20 8:00:00,0,0,1.798065
2021/5/20 9:00:00,0,0,1.798065
2021/5/20 10:00:00,0,0,1.82194
2021/5/20 11:00:00,0,0,1.750315
2021/5/20 12:00:00,0,0,1.82194
2021/5/20 13:00:00,0,0,1.798065
2021/5/20 14:00:00,0,0,1.893565
2021/5/20 15:00:00,0,0,1.845815
2021/5/20 16:00:00,0,0,1.86969
2021/5/20 17:00:00,0,0,2.227815
2021/5/20 18:00:00,0,0,2.25169
2021/5/20 19:00:00,0,0,2.15619
2021/5/20 20:00:00,0,0,2.34719
2021/5/20 21:00:00,0,0,2.49044
2021/5/20 22:00:00,0,0,2.53819
2021/5/20 23:00:00,0,0,2.63369
2021/5/21 0:00:00,0,0,2.58594
2021/5/21 1:00:00,0,0,2.49044
2021/5/21 2:00:00,0,0,2.39494
2021/5/21 3:00:00,0,0,2.323315
2021/5/21 4:00:00,0,0,2.323315
2021/5/21 5:00:00,0,0.104,2.323315
2021/5/21 6:00:00,0,0.632,2.25169
2021/5/21 7:00:00,0,0.848,2.275565
2021/5/21 8:00:00,0,0.888,2.25169
2021/5/21 9:00:00,0,1.048,2.227815
2021/5/21 10:00:00,0,1.072,2.132315
2021/5/21 11:00:00,0,1.072,2.10844
2021/5/21 12:00:00,0,1.072,2.132315
2021/5/21 13:00:00,0,1.072,2.06069
2021/5/21 14:00:00,0,1.072,2.10844
2021/5/21 15:00:00,0,1.072,2.036815
2021/5/21 16:00:00,0,1.072,2.036815
2021/5/21 17:00:00,0,1.072,2.036815
2021/5/21 18:00:00,0,1.08,2.036815
2021/5/21 19:00:00,0,1.08,1.96519
2021/5/21 20:00:00,0,1.08,1.96519
2021/5/21 21:00:00,0,1.096,2.036815
2021/5/21 22:00:00,0,1.096,1.941315
2021/5/21 23:00:00,0,1.096,1.989065
2021/5/22 0:00:00,0,1.096,1.941315
2021/5/22 1:00:00,0,1.096,1.941315
2021/5/22 2:00:00,0,1.096,1.893565
2021/5/22 3:00:00,0,1.096,1.941315
2021/5/22 4:00:00,0,0,1.91744
2021/5/22 5:00:00,0,0,1.893565
2021/5/22 6:00:00,0,0,1.86969
2021/5/22 7:00:00,0,0,1.893565
2021/5/22 8:00:00,0,0,1.91744
2021/5/22 9:00:00,0,0,1.91744
2021/5/22 10:00:00,0,0,1.893565
2021/5/22 11:00:00,0,0,1.86969
2021/5/22 12:00:00,0,0,1.86969
2021/5/22 13:00:00,0,0,1.845815
2021/5/22 14:00:00,0,0,1.893565
2021/5/22 15:00:00,0,0,1.86969
2021/5/22 16:00:00,0,0,1.845815
2021/5/22 17:00:00,0,0,1.82194
2021/5/22 18:00:00,0,0,1.82194
2021/5/22 19:00:00,0,0,1.82194
2021/5/22 20:00:00,0,0,1.82194
2021/5/22 21:00:00,0,0,1.86969
2021/5/22 22:00:00,0,0,1.86969
2021/5/22 23:00:00,0,0,1.845815
2021/5/23 0:00:00,0,0,2.10844
2021/5/23 1:00:00,0,0,1.989065
2021/5/23 2:00:00,0,0,1.96519
2021/5/23 3:00:00,0,0,2.01294
2021/5/23 4:00:00,0,0,1.91744
2021/5/23 5:00:00,0,0,1.91744
2021/5/23 6:00:00,0,0,1.941315
2021/5/23 7:00:00,0,0,1.941315
2021/5/23 8:00:00,0,0,1.941315
2021/5/23 9:00:00,0,0,1.845815
2021/5/23 10:00:00,0,0,1.845815
2021/5/23 11:00:00,0,0,1.893565
2021/5/23 12:00:00,0,0,1.893565
2021/5/23 13:00:00,0,0.008,1.91744
2021/5/23 14:00:00,0,0.008,1.845815
2021/5/23 15:00:00,0,0.008,1.86969
2021/5/23 16:00:00,0,0.008,1.893565
2021/5/23 17:00:00,0,0.008,1.798065
2021/5/23 18:00:00,0,0.008,1.82194
2021/5/23 19:00:00,0,0.008,1.86969
2021/5/23 20:00:00,0,0.008,1.91744
2021/5/23 21:00:00,0,0.008,1.96519
2021/5/23 22:00:00,0,0.008,1.91744
2021/5/23 23:00:00,0,0.008,1.82194
2021/5/24 0:00:00,0,0.008,1.86969
2021/5/24 1:00:00,0,0.008,1.845815
2021/5/24 2:00:00,0,0.008,1.845815
2021/5/24 3:00:00,0,0.008,1.845815
2021/5/24 4:00:00,0,0,1.82194
2021/5/24 5:00:00,0,0,1.86969
2021/5/24 6:00:00,0,0,1.77419
2021/5/24 7:00:00,0,0.016,1.845815
2021/5/24 8:00:00,0,0.2,1.798065
2021/5/24 9:00:00,0,0.208,1.798065
2021/5/24 10:00:00,0,0.208,1.77419
2021/5/24 11:00:00,0,0.208,1.845815
2021/5/24 12:00:00,0,0.208,1.845815
2021/5/24 13:00:00,0,0.208,1.82194
2021/5/24 14:00:00,0,0.208,1.77419
2021/5/24 15:00:00,0,0.208,1.86969
2021/5/24 16:00:00,0,0.208,1.77419
2021/5/24 17:00:00,0,0.208,1.798065
2021/5/24 18:00:00,0,0.208,1.845815
2021/5/24 19:00:00,0,0.208,1.798065
2021/5/24 20:00:00,0,0.208,1.91744
2021/5/24 21:00:00,0,0.208,2.036815
2021/5/24 22:00:00,0,0.208,1.989065
2021/5/24 23:00:00,0,0.208,1.893565
2021/5/25 0:00:00,0,0.208,1.82194
2021/5/25 1:00:00,0,0.208,1.845815
2021/5/25 2:00:00,0,0.208,1.893565
2021/5/25 3:00:00,0,0.208,1.798065
2021/5/25 4:00:00,0,0,1.798065
2021/5/25 5:00:00,0,0,1.82194
2021/5/25 6:00:00,0,0.104,1.77419
2021/5/25 7:00:00,0,0.104,1.82194
2021/5/25 8:00:00,0,0.104,1.845815
2021/5/25 9:00:00,0,0.104,1.82194
2021/5/25 10:00:00,0,0.104,1.82194
2021/5/25 11:00:00,0,0.104,1.845815
2021/5/25 12:00:00,0,0.104,1.82194
2021/5/25 13:00:00,0,0.104,1.750315
2021/5/25 14:00:00,0,0.104,1.798065
2021/5/25 15:00:00,0,0.112,1.77419
2021/5/25 16:00:00,0,0.112,1.798065
2021/5/25 17:00:00,0,0.112,1.82194
2021/5/25 18:00:00,0,0.112,2.084565
2021/5/25 19:00:00,0,0.112,2.15619
2021/5/25 20:00:00,0,0.112,2.180065
2021/5/25 21:00:00,0,0.112,2.29944
2021/5/25 22:00:00,0,0.112,2.34719
2021/5/25 23:00:00,0,0.112,2.371065
2021/5/26 0:00:00,0,0.112,2.466565
2021/5/26 1:00:00,0,0.112,2.418815
2021/5/26 2:00:00,0,0.112,2.44269
2021/5/26 3:00:00,0,0.112,2.49044
2021/5/26 4:00:00,0,0,2.44269
2021/5/26 5:00:00,0,0.064,2.39494
2021/5/26 6:00:00,0,0.184,2.323315
2021/5/26 7:00:00,0,0.256,2.371065
2021/5/26 8:00:00,0,0.264,2.29944
2021/5/26 9:00:00,0,0.296,2.25169
2021/5/26 10:00:00,0,0.312,2.20394
2021/5/26 11:00:00,0,0.36,2.29944
2021/5/26 12:00:00,0,0.448,2.227815
2021/5/26 13:00:00,0,0.488,2.25169
2021/5/26 14:00:00,0,0.504,2.15619
2021/5/26 15:00:00,0,0.512,2.132315
2021/5/26 16:00:00,0,0.52,2.084565
2021/5/26 17:00:00,0,0.52,2.34719
2021/5/26 18:00:00,0,0.52,2.29944
2021/5/26 19:00:00,0,0.52,2.371065
2021/5/26 20:00:00,0,0.52,2.53819
2021/5/26 21:00:00,0,0.52,2.657565
2021/5/26 22:00:00,0,0.52,3.039565
2021/5/26 23:00:00,0,0.52,3.25444
2021/5/27 0:00:00,0,0.52,3.20669
2021/5/27 1:00:00,0,0.52,3.230565
2021/5/27 2:00:00,0,0.52,3.20669
2021/5/27 3:00:00,0,0.52,3.20669
2021/5/27 4:00:00,0,0,3.11119
2021/5/27 5:00:00,0,0,3.039565
2021/5/27 6:00:00,0,0.024,2.92019
2021/5/27 7:00:00,0,0.072,2.87244
2021/5/27 8:00:00,0,0.112,2.82469
2021/5/27 9:00:00,0,0.152,2.72919
2021/5/27 10:00:00,0,0.48,2.63369
2021/5/27 11:00:00,0,0.56,2.657565
2021/5/27 12:00:00,0,0.576,2.58594
2021/5/27 13:00:00,0,0.6,2.562065
2021/5/27 14:00:00,0,0.632,2.58594
2021/5/27 15:00:00,0,0.64,2.49044
2021/5/27 16:00:00,0,0.64,2.44269
2021/5/27 17:00:00,0,0.64,2.466565
2021/5/27 18:00:00,0,0.64,2.418815
2021/5/27 19:00:00,0,0.64,2.371065
2021/5/27 20:00:00,0,0.64,2.323315
2021/5/27 21:00:00,0,0.64,2.418815
2021/5/27 22:00:00,0,0.64,2.34719
2021/5/27 23:00:00,0,0.64,2.25169
2021/5/28 0:00:00,0,0.64,2.29944
2021/5/28 1:00:00,0,0.64,2.275565
2021/5/28 2:00:00,0,0.64,2.29944
2021/5/28 3:00:00,0,0.64,2.25169
2021/5/28 4:00:00,0,0,2.25169
2021/5/28 5:00:00,0,0,2.180065
2021/5/28 6:00:00,0,0,2.227815
2021/5/28 7:00:00,0,0,2.227815
2021/5/28 8:00:00,0,0,2.180065
2021/5/28 9:00:00,0,0,2.15619
2021/5/28 10:00:00,0,0,2.132315
2021/5/28 11:00:00,0,0,2.084565
2021/5/28 12:00:00,0,0,2.180065
2021/5/28 13:00:00,0,0,2.10844
2021/5/28 14:00:00,0,0,2.132315
2021/5/28 15:00:00,0,0,2.20394
2021/5/28 16:00:00,0,0,2.323315
2021/5/28 17:00:00,0,0,2.49044
2021/5/28 18:00:00,0,0,2.49044
2021/5/28 19:00:00,0,0,2.609815
2021/5/28 20:00:00,0,0,2.58594
2021/5/28 21:00:00,0,0,2.466565
2021/5/28 22:00:00,0,0,2.39494
2021/5/28 23:00:00,0,0,2.323315
2021/5/29 0:00:00,0,0,2.34719
2021/5/29 1:00:00,0,0,2.323315
2021/5/29 2:00:00,0,0,2.227815
2021/5/29 3:00:00,0,0.256,2.227815
2021/5/29 4:00:00,0,0,2.227815
2021/5/29 5:00:00,0,0.008,2.227815
2021/5/29 6:00:00,0,0.008,2.1920025
2021/5/29 7:00:00,0,0.008,2.15619
2021/5/29 8:00:00,0,0.008,2.20394
2021/5/29 9:00:00,0,0.008,2.20394
2021/5/29 10:00:00,0,0.008,2.10844
2021/5/29 11:00:00,0,0.008,2.15619
2021/5/29 12:00:00,0,0.008,2.180065
2021/5/29 13:00:00,0,0.008,2.15619
2021/5/29 14:00:00,0,0.008,2.084565
2021/5/29 15:00:00,0,0.008,2.132315
2021/5/29 16:00:00,0,0.008,2.227815
2021/5/29 17:00:00,0,0.008,2.418815
2021/5/29 18:00:00,0,0.008,2.25169
2021/5/29 19:00:00,0,0.008,2.25169
2021/5/29 20:00:00,0,0.008,2.20394
2021/5/29 21:00:00,0,0.008,2.180065
2021/5/29 22:00:00,0,0.008,2.15619
2021/5/29 23:00:00,0,0.008,2.180065
2021/5/30 0:00:00,0,0.008,2.15619
2021/5/30 1:00:00,0,0.008,2.132315
2021/5/30 2:00:00,0,0.008,2.036815
2021/5/30 3:00:00,0,0.008,2.06069
2021/5/30 4:00:00,0,0,2.036815
2021/5/30 5:00:00,0,0,2.036815
2021/5/30 6:00:00,0,0,2.06069
2021/5/30 7:00:00,0,0,2.01294
2021/5/30 8:00:00,0,0,2.036815
2021/5/30 9:00:00,0,0,2.036815
2021/5/30 10:00:00,0,0,2.084565
2021/5/30 11:00:00,0,0,2.036815
2021/5/30 12:00:00,0,0,1.989065
2021/5/30 13:00:00,0,0,2.06069
2021/5/30 14:00:00,0,0,2.06069
2021/5/30 15:00:00,0,0,2.180065
2021/5/30 16:00:00,0,0,2.323315
2021/5/30 17:00:00,0,0,2.275565
2021/5/30 18:00:00,0,0,2.20394
2021/5/30 19:00:00,0,0,2.10844
2021/5/30 20:00:00,0,0,2.15619
2021/5/30 21:00:00,0,0,2.036815
2021/5/30 22:00:00,0,0,2.15619
2021/5/30 23:00:00,0,0,2.036815
2021/5/31 0:00:00,0,0,2.032474091
2021/5/31 1:00:00,0,0,2.028133182
2021/5/31 2:00:00,0,0.208,2.023792273
2021/5/31 3:00:00,0,0.264,2.019451364
2021/5/31 4:00:00,0,0,2.015110455
2021/5/31 5:00:00,0,0,2.010769545
2021/5/31 6:00:00,0,0,2.006428636
2021/5/31 7:00:00,0,0,2.002087727
2021/5/31 8:00:00,0,0,1.997746818
2021/5/31 9:00:00,0,0,1.993405909
2021/5/31 10:00:00,0,0,1.989065
2021/5/31 11:00:00,0,0,2.06069
2021/5/31 12:00:00,0,0.008,2.036815
2021/5/31 13:00:00,0,0.008,1.96519
2021/5/31 14:00:00,0,0.008,2.06069
2021/5/31 15:00:00,0,0.024,2.036815
2021/5/31 16:00:00,0,0.032,2.01294
2021/5/31 17:00:00,0,0.032,1.989065
2021/5/31 18:00:00,0,0.032,1.989065
2021/5/31 19:00:00,0,0.032,1.941315
2021/5/31 20:00:00,0,0.032,1.941315
2021/5/31 21:00:00,0,0.192,1.96519
2021/5/31 22:00:00,0,0.208,1.941315
2021/5/31 23:00:00,0,0.216,2.036815
2021/6/1 0:00:00,0,0.008,2.01294
2021/6/1 1:00:00,0,0.024,2.01294
2021/6/1 2:00:00,0,0.032,2.10844
2021/6/1 3:00:00,0,0.032,2.10844
2021/6/1 4:00:00,0,0.032,2.25169
2021/6/1 5:00:00,0,0.032,2.323315
2021/6/1 6:00:00,0,0.032,2.418815
2021/6/1 7:00:00,0,0.192,2.562065
2021/6/1 8:00:00,0,0.208,2.72919
2021/6/1 9:00:00,0,0.216,2.82469
2021/6/1 10:00:00,0,0.272,2.92019
2021/6/1 11:00:00,0,0.272,3.01569
2021/6/1 12:00:00,0,0.272,2.9798775
2021/6/1 13:00:00,0,0.272,2.944065
2021/6/1 14:00:00,0,0,3.01569
2021/6/1 15:00:00,0,0,2.92019
2021/6/1 16:00:00,0,0,2.848565
2021/6/1 17:00:00,0,0,2.896315
2021/6/1 18:00:00,0,0,2.72919
2021/6/1 19:00:00,0,0.016,2.753065
2021/6/1 20:00:00,0,0.032,2.705315
2021/6/1 21:00:00,0,0.072,2.68144
2021/6/1 22:00:00,0,0.12,2.63369
2021/6/1 23:00:00,0,0.136,2.562065
2021/6/2 0:00:00,0,0.208,2.609815
2021/6/2 1:00:00,0,0.24,2.53819
2021/6/2 2:00:00,0,0.272,2.5023775
2021/6/2 3:00:00,0,0.304,2.466565
2021/6/2 4:00:00,0,0.432,2.44269
2021/6/2 5:00:00,0,0.568,2.418815
2021/6/2 6:00:00,0,0.68,2.371065
2021/6/2 7:00:00,0,0.792,2.39494
2021/6/2 8:00:00,0,0.944,2.371065
2021/6/2 9:00:00,0,1.008,2.29944
2021/6/2 10:00:00,0,1.008,2.39494
2021/6/2 11:00:00,0,1.128,2.275565
2021/6/2 12:00:00,0,1.128,2.29944
2021/6/2 13:00:00,0,1.152,2.29944
2021/6/2 14:00:00,0,0,2.227815
2021/6/2 15:00:00,0,0,2.275565
2021/6/2 16:00:00,0,0,2.227815
2021/6/2 17:00:00,0,0,2.25169
2021/6/2 18:00:00,0,0,2.227815
2021/6/2 19:00:00,0,0,2.227815
2021/6/2 20:00:00,0,0,2.15619
2021/6/2 21:00:00,0,0,2.15619
2021/6/2 22:00:00,0,0,2.15619
2021/6/2 23:00:00,0,0,2.20394
2021/6/3 0:00:00,0,0,2.10844
2021/6/3 1:00:00,0,0,2.180065
2021/6/3 2:00:00,0,0,2.10844
2021/6/3 3:00:00,0,0,2.10844
2021/6/3 4:00:00,0,0,2.10844
2021/6/3 5:00:00,0,0,2.15619
2021/6/3 6:00:00,0,0,2.132315
2021/6/3 7:00:00,0,0,2.084565
2021/6/3 8:00:00,0,0,2.132315
2021/6/3 9:00:00,0,0,2.084565
2021/6/3 10:00:00,0,0,1.67869
2021/6/3 11:00:00,0,0,2.06069
2021/6/3 12:00:00,0,0,2.10844
2021/6/3 13:00:00,0,0,2.06069
2021/6/3 14:00:00,0,0,2.036815
2021/6/3 15:00:00,0,0,2.036815
2021/6/3 16:00:00,0,0,2.06069
2021/6/3 17:00:00,0,0,2.06069
2021/6/3 18:00:00,0,0,2.036815
2021/6/3 19:00:00,0,0,2.084565
2021/6/3 20:00:00,0,0,2.06069
2021/6/3 21:00:00,0,0,2.01294
2021/6/3 22:00:00,0,0,2.06069
2021/6/3 23:00:00,0,0,1.989065
2021/6/4 0:00:00,0,0,2.036815
2021/6/4 1:00:00,0,0,2.036815
2021/6/4 2:00:00,0,0,1.941315
2021/6/4 3:00:00,0,0,1.96519
2021/6/4 4:00:00,0,0,2.01294
2021/6/4 5:00:00,0,0,2.036815
2021/6/4 6:00:00,0,0,2.01294
2021/6/4 7:00:00,0,0,1.941315
2021/6/4 8:00:00,0,0,1.941315
2021/6/4 9:00:00,0,0,1.96519
2021/6/4 10:00:00,0,0,1.941315
2021/6/4 11:00:00,0,0,1.96519
2021/6/4 12:00:00,0,0,1.96519
2021/6/4 13:00:00,0,0,1.96519
2021/6/4 14:00:00,0,0,1.989065
2021/6/4 15:00:00,0,0,1.96519
2021/6/4 16:00:00,0,0,1.989065
2021/6/4 17:00:00,0,0,1.893565
2021/6/4 18:00:00,0,0,1.96519
2021/6/4 19:00:00,0,0,1.941315
2021/6/4 20:00:00,0,0,1.96519
2021/6/4 21:00:00,0,0,1.96519
2021/6/4 22:00:00,0,0,1.91744
2021/6/4 23:00:00,0,0,1.893565
2021/6/5 0:00:00,0,0,1.91744
2021/6/5 1:00:00,0,0,1.893565
2021/6/5 2:00:00,0,0,1.91744
2021/6/5 3:00:00,0,0,1.941315
2021/6/5 4:00:00,0,0,1.893565
2021/6/5 5:00:00,0,0,1.893565
2021/6/5 6:00:00,0,0,1.86969
2021/6/5 7:00:00,0,0,1.91744
2021/6/5 8:00:00,0,0,1.893565
2021/6/5 9:00:00,0,0,1.941315
2021/6/5 10:00:00,0,0,1.893565
2021/6/5 11:00:00,0,0,1.941315
2021/6/5 12:00:00,0,0,1.91744
2021/6/5 13:00:00,0,0,1.91744
2021/6/5 14:00:00,0,0,1.893565
2021/6/5 15:00:00,0,0,1.86969
2021/6/5 16:00:00,0,0,1.941315
2021/6/5 17:00:00,0,0,1.86969
2021/6/5 18:00:00,0,0,2.06069
2021/6/5 19:00:00,0,0,2.01294
2021/6/5 20:00:00,0,0,2.180065
2021/6/5 21:00:00,0,0,2.01294
2021/6/5 22:00:00,0,0,1.989065
2021/6/5 23:00:00,0,0,2.01294
2021/6/6 0:00:00,0,0,2.01294
2021/6/6 1:00:00,0,0,2.180065
2021/6/6 2:00:00,0,0,2.132315
2021/6/6 3:00:00,0,0,2.132315
2021/6/6 4:00:00,0,0,2.036815
2021/6/6 5:00:00,0,0,2.036815
2021/6/6 6:00:00,0,0,2.036815
2021/6/6 7:00:00,0,0,1.989065
2021/6/6 8:00:00,0,0,1.989065
2021/6/6 9:00:00,0,0,2.01294
2021/6/6 10:00:00,0,0,1.96519
2021/6/6 11:00:00,0,0,2.01294
2021/6/6 12:00:00,0,0,1.941315
2021/6/6 13:00:00,0,0,2.036815
2021/6/6 14:00:00,0,0,2.25169
2021/6/6 15:00:00,0,0,2.34719
2021/6/6 16:00:00,0,0,2.39494
2021/6/6 17:00:00,0,0,2.53819
2021/6/6 18:00:00,0,0,2.58594
2021/6/6 19:00:00,0,0,2.657565
2021/6/6 20:00:00,0,0,2.657565
2021/6/6 21:00:00,0,0.088,2.562065
2021/6/6 22:00:00,0,0.128,2.58594
2021/6/6 23:00:00,0,0.128,2.562065
2021/6/7 0:00:00,0,0.128,2.49044
2021/6/7 1:00:00,0,0.128,2.371065
2021/6/7 2:00:00,0,0.128,2.39494
2021/6/7 3:00:00,0,0.128,2.371065
2021/6/7 4:00:00,0,0.128,2.323315
2021/6/7 5:00:00,0,0.128,2.275565
2021/6/7 6:00:00,0,0.128,2.20394
2021/6/7 7:00:00,0,0.128,2.180065
2021/6/7 8:00:00,0,0.248,2.15619
2021/6/7 9:00:00,0,0.248,2.20394
2021/6/7 10:00:00,0,0.248,2.132315
2021/6/7 11:00:00,0,0.248,2.180065
2021/6/7 12:00:00,0,0.248,2.180065
2021/6/7 13:00:00,0,1.12,2.10844
2021/6/7 14:00:00,0,0,2.15619
2021/6/7 15:00:00,0,0.2,2.132315
2021/6/7 16:00:00,0,0.288,2.180065
2021/6/7 17:00:00,0,0.384,2.084565
2021/6/7 18:00:00,0,0.456,2.15619
2021/6/7 19:00:00,0,0.48,2.15619
2021/6/7 20:00:00,0,0.488,2.084565
2021/6/7 21:00:00,0,0.488,2.036815
2021/6/7 22:00:00,0,0.488,2.036815
2021/6/7 23:00:00,0,0.488,2.036815
2021/6/8 0:00:00,0,0.488,2.01294
2021/6/8 1:00:00,0,0.488,2.084565
2021/6/8 2:00:00,0,0.496,1.989065
2021/6/8 3:00:00,0,0.496,1.989065
2021/6/8 4:00:00,0,0.496,1.96519
2021/6/8 5:00:00,0,0.496,2.01294
2021/6/8 6:00:00,0,0.496,2.01294
2021/6/8 7:00:00,0,0.496,2.036815
2021/6/8 8:00:00,0,0.496,2.01294
2021/6/8 9:00:00,0,0.496,2.06069
2021/6/8 10:00:00,0,0.496,2.01294
2021/6/8 11:00:00,0,0.496,1.989065
2021/6/8 12:00:00,0,0.496,2.036815
2021/6/8 13:00:00,0,0.496,2.01294
2021/6/8 14:00:00,0,0,1.96519
2021/6/8 15:00:00,0,0,1.91744
2021/6/8 16:00:00,0,0,2.01294
2021/6/8 17:00:00,0,0,1.96519
2021/6/8 18:00:00,0,0,1.91744
2021/6/8 19:00:00,0,0,1.91744
2021/6/8 20:00:00,0,0,1.893565
2021/6/8 21:00:00,0,0,1.96519
2021/6/8 22:00:00,0,0,1.96519
2021/6/8 23:00:00,0,0,1.989065
2021/6/9 0:00:00,0,0,1.989065
2021/6/9 1:00:00,0,0,2.01294
2021/6/9 2:00:00,0,0,1.91744
2021/6/9 3:00:00,0,0,1.941315
2021/6/9 4:00:00,0,0,1.96519
2021/6/9 5:00:00,0,0,1.989065
2021/6/9 6:00:00,0,0,1.893565
2021/6/9 7:00:00,0,0,1.96519
2021/6/9 8:00:00,0,0,1.96519
2021/6/9 9:00:00,0,0,1.941315
2021/6/9 10:00:00,0,0,1.96519
2021/6/9 11:00:00,0,0,1.893565
2021/6/9 12:00:00,0,0,1.96519
2021/6/9 13:00:00,0,0,1.96519
2021/6/9 14:00:00,0,0,1.86969
2021/6/9 15:00:00,0,0,1.91744
2021/6/9 16:00:00,0,0,1.86969
2021/6/9 17:00:00,0,0,2.132315
2021/6/9 18:00:00,0,0,2.39494
2021/6/9 19:00:00,0,0,2.25169
2021/6/9 20:00:00,0,0,2.15619
2021/6/9 21:00:00,0,0,2.180065
2021/6/9 22:00:00,0,0,2.180065
2021/6/9 23:00:00,0,0,2.10844
2021/6/10 0:00:00,0,0,2.10844
2021/6/10 1:00:00,0,0,2.036815
2021/6/10 2:00:00,0,0,2.06069
2021/6/10 3:00:00,0,0,1.989065
2021/6/10 4:00:00,0,0,1.96519
2021/6/10 5:00:00,0,0,1.941315
2021/6/10 6:00:00,0,0,1.96519
2021/6/10 7:00:00,0,0,1.96519
2021/6/10 8:00:00,0,0,2.01294
2021/6/10 9:00:00,0,0,1.96519
2021/6/10 10:00:00,0,0,1.96519
2021/6/10 11:00:00,0,0,1.941315
2021/6/10 12:00:00,0,0,1.989065
2021/6/10 13:00:00,0,0,1.96519
2021/6/10 14:00:00,0,0,1.893565
2021/6/10 15:00:00,0,0,1.91744
2021/6/10 16:00:00,0,0,1.893565
2021/6/10 17:00:00,0,0,1.86969
2021/6/10 18:00:00,0,0.008,2.0965025
2021/6/10 19:00:00,0,0.008,2.323315
2021/6/10 20:00:00,0,0.008,2.34719
2021/6/10 21:00:00,0,0.008,2.2636275
2021/6/10 22:00:00,0,0.008,2.180065
2021/6/10 23:00:00,0,0.008,2.180065
2021/6/11 0:00:00,0,0.008,2.20394
2021/6/11 1:00:00,0,0.008,2.180065
2021/6/11 2:00:00,0,0.008,2.20394
2021/6/11 3:00:00,0,0.008,2.15619
2021/6/11 4:00:00,0,0.008,2.10844
2021/6/11 5:00:00,0,0.008,2.084565
2021/6/11 6:00:00,0,0.008,2.132315
2021/6/11 7:00:00,0,0.008,2.06069
2021/6/11 8:00:00,0,0.008,2.084565
2021/6/11 9:00:00,0,0.008,2.052731667
2021/6/11 10:00:00,0,0.008,2.020898333
2021/6/11 11:00:00,0,0.008,1.989065
2021/6/11 12:00:00,0,0.008,2.036815
2021/6/11 13:00:00,0,0.008,2.01294
2021/6/11 14:00:00,0,0,2.01294
2021/6/11 15:00:00,0,0,2.466565
2021/6/11 16:00:00,0,0,2.34719
2021/6/11 17:00:00,0,0,2.180065
2021/6/11 18:00:00,0,0,2.371065
2021/6/11 19:00:00,0,0.064,2.25169
2021/6/11 20:00:00,0,0.096,2.180065
2021/6/11 21:00:00,0,0.096,2.227815
2021/6/11 22:00:00,0,0.168,2.20394
2021/6/11 23:00:00,0,0.184,2.25169
2021/6/12 0:00:00,0,0.2,2.25169
2021/6/12 1:00:00,0,0.2,2.39494
2021/6/12 2:00:00,0,0.2,2.371065
2021/6/12 3:00:00,0,0.2,2.418815
2021/6/12 4:00:00,0,0.2,2.371065
2021/6/12 5:00:00,0,0.2,2.34719
2021/6/12 6:00:00,0,0.2,2.323315
2021/6/12 7:00:00,0,0.2,2.20394
2021/6/12 8:00:00,0,0.2,2.25169
2021/6/12 9:00:00,0,0.2,2.180065
2021/6/12 10:00:00,0,0.2,2.227815
2021/6/12 11:00:00,0,0.2,2.15619
2021/6/12 12:00:00,0,0.2,2.10844
2021/6/12 13:00:00,0,0.248,2.10844
2021/6/12 14:00:00,0,0,2.10844
2021/6/12 15:00:00,0,0.016,2.29944
2021/6/12 16:00:00,0,0.04,2.371065
2021/6/12 17:00:00,0,0.064,2.371065
2021/6/12 18:00:00,0,0.072,2.44269
2021/6/12 19:00:00,0,0.08,2.34719
2021/6/12 20:00:00,0,0.208,2.34719
2021/6/12 21:00:00,0,0.24,2.29944
2021/6/12 22:00:00,0,0.28,2.466565
2021/6/12 23:00:00,0,0.28,2.371065
2021/6/13 0:00:00,0,0.288,2.418815
2021/6/13 1:00:00,0,0.288,2.29944
2021/6/13 2:00:00,0,0.288,2.275565
2021/6/13 3:00:00,0,0.288,2.323315
2021/6/13 4:00:00,0,0.288,2.25169
2021/6/13 5:00:00,0,0.288,2.275565
2021/6/13 6:00:00,0,0.288,2.227815
2021/6/13 7:00:00,0,0.288,2.227815
2021/6/13 8:00:00,0,0.288,2.227815
2021/6/13 9:00:00,0,0.288,2.15619
2021/6/13 10:00:00,0,0.288,2.20394
2021/6/13 11:00:00,0,0.288,2.06069
2021/6/13 12:00:00,0,0.288,2.180065
2021/6/13 13:00:00,0,0.288,2.10844
2021/6/13 14:00:00,0,0,2.15619
2021/6/13 15:00:00,0,0.12,2.06069
2021/6/13 16:00:00,0,0.128,2.15619
2021/6/13 17:00:00,0,0.136,2.10844
2021/6/13 18:00:00,0,0.152,2.227815
2021/6/13 19:00:00,0,0.176,2.39494
2021/6/13 20:00:00,0,0.192,2.39494
2021/6/13 21:00:00,0,0.192,2.371065
2021/6/13 22:00:00,0,0.192,2.323315
2021/6/13 23:00:00,0,0.192,2.34719
2021/6/14 0:00:00,0,0.192,2.34719
2021/6/14 1:00:00,0,0.192,2.25169
2021/6/14 2:00:00,0,0.192,2.49044
2021/6/14 3:00:00,0,0.192,2.20394
2021/6/14 4:00:00,0,0.192,2.20394
2021/6/14 5:00:00,0,0.192,2.180065
2021/6/14 6:00:00,0,0.192,2.132315
2021/6/14 7:00:00,0,0.192,2.15619
2021/6/14 8:00:00,0,0.192,2.15619
2021/6/14 9:00:00,0,0.192,2.15619
2021/6/14 10:00:00,0,0.192,2.180065
2021/6/14 11:00:00,0,0.192,2.15619
2021/6/14 12:00:00,0,0.192,2.084565
2021/6/14 13:00:00,0,0.192,2.15619
2021/6/14 14:00:00,0,0,2.132315
2021/6/14 15:00:00,0,0,2.132315
2021/6/14 16:00:00,0,0,2.227815
2021/6/14 17:00:00,0,0.216,2.25169
2021/6/14 18:00:00,0,0.408,2.25169
2021/6/14 19:00:00,0,0.408,2.20394
2021/6/14 20:00:00,0,0.408,2.10844
2021/6/14 21:00:00,0,0.408,2.06069
2021/6/14 22:00:00,0,0.408,2.10844
2021/6/14 23:00:00,0,0.408,2.132315
2021/6/15 0:00:00,0,0.408,2.084565
2021/6/15 1:00:00,0,0.408,2.132315
2021/6/15 2:00:00,0,0.408,2.10844
2021/6/15 3:00:00,0,0.408,2.06069
2021/6/15 4:00:00,0,0.408,2.036815
2021/6/15 5:00:00,0,0.408,2.01294
2021/6/15 6:00:00,0,0.408,2.01294
2021/6/15 7:00:00,0,0.408,2.084565
2021/6/15 8:00:00,0,0.408,2.06069
2021/6/15 9:00:00,0,0.408,2.01294
2021/6/15 10:00:00,0,0.408,2.036815
2021/6/15 11:00:00,0,0.408,2.01294
2021/6/15 12:00:00,0,0.408,2.06069
2021/6/15 13:00:00,0,0.408,1.989065
2021/6/15 14:00:00,0,0,2.036815
2021/6/15 15:00:00,0,0,2.06069
2021/6/15 16:00:00,0,0,2.036815
2021/6/15 17:00:00,0,0,1.989065
2021/6/15 18:00:00,0,0.008,2.01294
2021/6/15 19:00:00,0,0.008,2.01294
2021/6/15 20:00:00,0,0.008,1.96519
2021/6/15 21:00:00,0,0.008,1.989065
2021/6/15 22:00:00,0,0.008,2.01294
2021/6/15 23:00:00,0,0.008,1.941315
2021/6/16 0:00:00,0,0.008,1.96519
2021/6/16 1:00:00,0,0.008,1.96519
2021/6/16 2:00:00,0,0.008,2.036815
2021/6/16 3:00:00,0,0.008,2.01294
2021/6/16 4:00:00,0,0.008,2.036815
2021/6/16 5:00:00,0,0.008,2.036815
2021/6/16 6:00:00,0,0.008,2.036815
2021/6/16 7:00:00,0,0.008,2.01294
2021/6/16 8:00:00,0,0.008,2.01294
2021/6/16 9:00:00,0,0.008,1.91744
2021/6/16 10:00:00,0,0.008,2.01294
2021/6/16 11:00:00,0,0.008,1.941315
2021/6/16 12:00:00,0,0.008,1.941315
2021/6/16 13:00:00,0,0.008,1.96519
2021/6/16 14:00:00,0,0,1.96519
2021/6/16 15:00:00,0,0,1.96519
2021/6/16 16:00:00,0,0,2.132315
2021/6/16 17:00:00,0,0,2.20394
2021/6/16 18:00:00,0,0,2.275565
2021/6/16 19:00:00,0,0,2.418815
2021/6/16 20:00:00,0,0.008,2.371065
2021/6/16 21:00:00,0,0.016,2.657565
2021/6/16 22:00:00,0,0.016,2.53819
2021/6/16 23:00:00,0,0.016,2.418815
2021/6/17 0:00:00,0,0.016,2.323315
2021/6/17 1:00:00,0,0.016,2.34719
2021/6/17 2:00:00,0,0.016,2.227815
2021/6/17 3:00:00,0,0.016,2.20394
2021/6/17 4:00:00,0,0.016,2.180065
2021/6/17 5:00:00,0,0.016,2.20394
2021/6/17 6:00:00,0,0.016,2.10844
2021/6/17 7:00:00,0,0.016,2.132315
2021/6/17 8:00:00,0,0.016,2.06069
2021/6/17 9:00:00,0,0.016,2.132315
2021/6/17 10:00:00,0,0.016,2.132315
2021/6/17 11:00:00,0,0.016,2.036815
2021/6/17 12:00:00,0,0.016,2.084565
2021/6/17 13:00:00,0,0.016,2.084565
2021/6/17 14:00:00,0,0,2.084565
2021/6/17 15:00:00,0,0,2.10844
2021/6/17 16:00:00,0,0.008,2.0965025
2021/6/17 17:00:00,0,0.016,2.084565
2021/6/17 18:00:00,0,0.08,2.036815
2021/6/17 19:00:00,0,0.104,2.01294
2021/6/17 20:00:00,0,0.104,2.084565
2021/6/17 21:00:00,0,0.104,2.29944
2021/6/17 22:00:00,0,0.104,2.01294
2021/6/17 23:00:00,0,0.104,2.036815
2021/6/18 0:00:00,0,0.104,2.20394
2021/6/18 1:00:00,0,0.104,2.227815
2021/6/18 2:00:00,0,0.104,2.180065
2021/6/18 3:00:00,0,0.104,2.10844
2021/6/18 4:00:00,0,0.104,2.132315
2021/6/18 5:00:00,0,0.104,2.06069
2021/6/18 6:00:00,0,0.104,2.06069
2021/6/18 7:00:00,0,0.104,2.036815
2021/6/18 8:00:00,0,0.104,2.06069
2021/6/18 9:00:00,0,0.104,2.036815
2021/6/18 10:00:00,0,0.104,2.036815
2021/6/18 11:00:00,0,0.104,2.06069
2021/6/18 12:00:00,0,0.104,1.96519
2021/6/18 13:00:00,0,0.104,2.036815
2021/6/18 14:00:00,0,0,1.96519
2021/6/18 15:00:00,0,0,2.084565
2021/6/18 16:00:00,0,0,2.20394
2021/6/18 17:00:00,0,0,2.323315
2021/6/18 18:00:00,0,0,2.15619
2021/6/18 19:00:00,0,0,2.132315
2021/6/18 20:00:00,0,0,2.06069
2021/6/18 21:00:00,0,0,2.10844
2021/6/18 22:00:00,0,0,2.06069
2021/6/18 23:00:00,0,0,1.96519
2021/6/19 0:00:00,0,0,2.01294
2021/6/19 1:00:00,0,0,1.989065
2021/6/19 2:00:00,0,0,2.227815
2021/6/19 3:00:00,0,0,2.180065
2021/6/19 4:00:00,0,0,2.132315
2021/6/19 5:00:00,0,0,2.06069
2021/6/19 6:00:00,0,0,2.01294
2021/6/19 7:00:00,0,0,2.036815
2021/6/19 8:00:00,0,0,2.06069
2021/6/19 9:00:00,0,0,2.01294
2021/6/19 10:00:00,0,0,2.01294
2021/6/19 11:00:00,0,0,2.06069
2021/6/19 12:00:00,0,0,2.036815
2021/6/19 13:00:00,0,0,1.96519
2021/6/19 14:00:00,0,0,2.01294
2021/6/19 15:00:00,0,0.656,1.96519
2021/6/19 16:00:00,0,0.656,1.989065
2021/6/19 17:00:00,0,0.664,2.01294
2021/6/19 18:00:00,0,0.664,2.084565
2021/6/19 19:00:00,0,0.664,2.49044
2021/6/19 20:00:00,0,0.664,2.39494
2021/6/19 21:00:00,0,0.664,2.25169
2021/6/19 22:00:00,0,0.664,2.180065
2021/6/19 23:00:00,0,0.664,2.180065
2021/6/20 0:00:00,0,0.664,2.132315
2021/6/20 1:00:00,0,0.664,2.084565
2021/6/20 2:00:00,0,0.664,2.10844
2021/6/20 3:00:00,0,0.664,2.06069
2021/6/20 4:00:00,0,0.664,2.084565
2021/6/20 5:00:00,0,0.664,2.06069
2021/6/20 6:00:00,0,0.664,1.989065
2021/6/20 7:00:00,0,0.664,1.989065
2021/6/20 8:00:00,0,0.664,2.06069
2021/6/20 9:00:00,0,0.664,2.036815
2021/6/20 10:00:00,0,0.664,2.036815
2021/6/20 11:00:00,0,0.664,1.989065
2021/6/20 12:00:00,0,0.664,1.96519
2021/6/20 13:00:00,0,0.664,2.01294
2021/6/20 14:00:00,0,0,1.96519
2021/6/20 15:00:00,0,0,2.036815
2021/6/20 16:00:00,0,0,2.10844
2021/6/20 17:00:00,0,0.096,2.084565
2021/6/20 18:00:00,0,0.104,2.10844
2021/6/20 19:00:00,0,0.104,1.989065
2021/6/20 20:00:00,0,0.104,1.989065
2021/6/20 21:00:00,0,0.104,1.941315
2021/6/20 22:00:00,0,0.104,2.01294
2021/6/20 23:00:00,0,0.104,2.084565
2021/6/21 0:00:00,0,0.104,1.989065
2021/6/21 1:00:00,0,0.104,1.989065
2021/6/21 2:00:00,0,0.104,2.01294
2021/6/21 3:00:00,0,0.104,1.941315
2021/6/21 4:00:00,0,0.104,1.941315
2021/6/21 5:00:00,0,0.104,1.96519
2021/6/21 6:00:00,0,0.104,1.91744
2021/6/21 7:00:00,0,0.104,1.989065
2021/6/21 8:00:00,0,0.104,2.036815
2021/6/21 9:00:00,0,0.104,2.036815
2021/6/21 10:00:00,0,0.104,2.01294
2021/6/21 11:00:00,0,0.104,2.01294
2021/6/21 12:00:00,0,0.104,2.01294
2021/6/21 13:00:00,0,0.104,2.01294
2021/6/21 14:00:00,0,0,1.91744
2021/6/21 15:00:00,0,0,1.96519
2021/6/21 16:00:00,0,0,2.34719
2021/6/21 17:00:00,0,0,2.25169
2021/6/21 18:00:00,0,0,2.20394
2021/6/21 19:00:00,0,0,2.25169
2021/6/21 20:00:00,0,0,2.15619
2021/6/21 21:00:00,0,0,2.132315
2021/6/21 22:00:00,0,0,2.084565
2021/6/21 23:00:00,0,0,2.036815
2021/6/22 0:00:00,0,0,2.06069
2021/6/22 1:00:00,0,0,2.036815
2021/6/22 2:00:00,0,0,1.96519
2021/6/22 3:00:00,0,0,2.01294
2021/6/22 4:00:00,0,0,1.96519
2021/6/22 5:00:00,0,0,2.01294
2021/6/22 6:00:00,0,0,1.91744
2021/6/22 7:00:00,0,0,1.941315
2021/6/22 8:00:00,0,0,1.989065
2021/6/22 9:00:00,0,0,1.989065
2021/6/22 10:00:00,0,0,1.96519
2021/6/22 11:00:00,0,0,1.91744
2021/6/22 12:00:00,0,0,1.96519
2021/6/22 13:00:00,0,0,1.96519
2021/6/22 14:00:00,0,0,1.941315
2021/6/22 15:00:00,0,0,1.91744
2021/6/22 16:00:00,0,0,1.96519
2021/6/22 17:00:00,0,0,2.379023333
2021/6/22 18:00:00,0,0,2.792856667
2021/6/22 19:00:00,0,0,3.20669
2021/6/22 20:00:00,0,0,3.326065
2021/6/22 21:00:00,0,0,3.135065
2021/6/22 22:00:00,0,0,2.82469
2021/6/22 23:00:00,0,0,2.657565
2021/6/23 0:00:00,0,0,2.58594
2021/6/23 1:00:00,0,0,2.514315
2021/6/23 2:00:00,0,0,2.44269
2021/6/23 3:00:00,0,0,2.323315
2021/6/23 4:00:00,0,0,2.34719
2021/6/23 5:00:00,0,0,2.25169
2021/6/23 6:00:00,0,0,2.29944
2021/6/23 7:00:00,0,0,2.20394
2021/6/23 8:00:00,0,0,2.275565
2021/6/23 9:00:00,0,0,2.20394
2021/6/23 10:00:00,0,0,2.25169
2021/6/23 11:00:00,0,0,2.20394
2021/6/23 12:00:00,0,0,2.132315
2021/6/23 13:00:00,0,0,2.180065
2021/6/23 14:00:00,0,0,2.084565
2021/6/23 15:00:00,0,0,2.15619
2021/6/23 16:00:00,0,0.28,2.34719
2021/6/23 17:00:00,0,0.28,2.562065
2021/6/23 18:00:00,0,0.928,2.39494
2021/6/23 19:00:00,0,0.936,2.34719
2021/6/23 20:00:00,0,0.944,2.275565
2021/6/23 21:00:00,0,0.944,2.25169
2021/6/23 22:00:00,0,0.944,2.20394
2021/6/23 23:00:00,0,0.944,2.132315
2021/6/24 0:00:00,0,0.944,2.10844
2021/6/24 1:00:00,0,0.944,2.180065
2021/6/24 2:00:00,0,0.944,2.084565
2021/6/24 3:00:00,0,0.944,2.06069
2021/6/24 4:00:00,0,0.944,2.084565
2021/6/24 5:00:00,0,0.944,2.084565
2021/6/24 6:00:00,0,0.944,2.06069
2021/6/24 7:00:00,0,0.944,2.10844
2021/6/24 8:00:00,0,0.944,2.084565
2021/6/24 9:00:00,0,0.944,2.06069
2021/6/24 10:00:00,0,0.944,2.06069
2021/6/24 11:00:00,0,0.944,2.036815
2021/6/24 12:00:00,0,0.944,2.06069
2021/6/24 13:00:00,0,0.944,1.989065
2021/6/24 14:00:00,0,0,2.275565
2021/6/24 15:00:00,0,0,2.514315
2021/6/24 16:00:00,0,0,2.44269
2021/6/24 17:00:00,0,0,2.371065
2021/6/24 18:00:00,0,0,2.562065
2021/6/24 19:00:00,0,0,2.44269
2021/6/24 20:00:00,0,0,2.418815
2021/6/24 21:00:00,0,0,2.323315
2021/6/24 22:00:00,0,0,2.323315
2021/6/24 23:00:00,0,0,2.371065
2021/6/25 0:00:00,0,0,2.29944
2021/6/25 1:00:00,0,0,2.29944
2021/6/25 2:00:00,0,0,2.29944
2021/6/25 3:00:00,0,0,2.227815
2021/6/25 4:00:00,0,0,2.227815
2021/6/25 5:00:00,0,0,2.20394
2021/6/25 6:00:00,0,0,2.15619
2021/6/25 7:00:00,0,0,2.20394
2021/6/25 8:00:00,0,0,2.15619
2021/6/25 9:00:00,0,0,2.084565
2021/6/25 10:00:00,0,0,2.06069
2021/6/25 11:00:00,0,0,2.10844
2021/6/25 12:00:00,0,0,2.132315
2021/6/25 13:00:00,0,0,2.06069
2021/6/25 14:00:00,0,0,2.06069
2021/6/25 15:00:00,0,0.112,2.132315
2021/6/25 16:00:00,0,0.144,2.06069
2021/6/25 17:00:00,0,0.16,2.036815
2021/6/25 18:00:00,0,0.16,2.036815
2021/6/25 19:00:00,0,0.184,2.06069
2021/6/25 20:00:00,0,0.192,2.084565
2021/6/25 21:00:00,0,0.192,2.15619
2021/6/25 22:00:00,0,0.192,2.132315
2021/6/25 23:00:00,0,0.192,2.15619
2021/6/26 0:00:00,0,0.192,2.15619
2021/6/26 1:00:00,0,0.192,2.132315
2021/6/26 2:00:00,0,0.192,2.10844
2021/6/26 3:00:00,0,0.192,2.20394
2021/6/26 4:00:00,0,0.192,2.20394
2021/6/26 5:00:00,0,0.192,2.15619
2021/6/26 6:00:00,0,0.192,2.132315
2021/6/26 7:00:00,0,0.192,2.084565
2021/6/26 8:00:00,0,0.192,2.10844
2021/6/26 9:00:00,0,0.192,2.10844
2021/6/26 10:00:00,0,0.192,2.06069
2021/6/26 11:00:00,0,0.192,2.084565
2021/6/26 12:00:00,0,0.192,2.084565
2021/6/26 13:00:00,0,0.192,2.084565
2021/6/26 14:00:00,0,0,2.25169
2021/6/26 15:00:00,0,0,2.609815
2021/6/26 16:00:00,0,0,2.58594
2021/6/26 17:00:00,0,0,2.72919
2021/6/26 18:00:00,0,0,2.562065
2021/6/26 19:00:00,0,0,2.49044
2021/6/26 20:00:00,0,0.032,2.371065
2021/6/26 21:00:00,0,0.2,2.275565
2021/6/26 22:00:00,0,0.304,2.29944
2021/6/26 23:00:00,0,0.312,2.275565
2021/6/27 0:00:00,0,0.32,2.227815
2021/6/27 1:00:00,0,0.32,2.227815
2021/6/27 2:00:00,0,0.32,2.10844
2021/6/27 3:00:00,0,0.32,2.20394
2021/6/27 4:00:00,0,0.32,2.180065
2021/6/27 5:00:00,0,0.32,2.180065
2021/6/27 6:00:00,0,0.32,2.20394
2021/6/27 7:00:00,0,0.32,2.275565
2021/6/27 8:00:00,0,0.32,2.44269
2021/6/27 9:00:00,0,0.32,2.180065
2021/6/27 10:00:00,0,0.32,2.132315
2021/6/27 11:00:00,0,0.32,2.15619
2021/6/27 12:00:00,0,0.32,2.084565
2021/6/27 13:00:00,0,0.32,2.180065
2021/6/27 14:00:00,0,0,2.132315
2021/6/27 15:00:00,0,0.008,2.15619
2021/6/27 16:00:00,0,0.008,2.10844
2021/6/27 17:00:00,0,0.008,2.180065
2021/6/27 18:00:00,0,0.008,2.371065
2021/6/27 19:00:00,0,0.008,2.44269
2021/6/27 20:00:00,0,0.008,2.39494
2021/6/27 21:00:00,0,0.008,2.371065
2021/6/27 22:00:00,0,0.008,2.34719
2021/6/27 23:00:00,0,0.008,2.371065
2021/6/28 0:00:00,0,0.048,2.34719
2021/6/28 1:00:00,0,0.048,2.34719
2021/6/28 2:00:00,0,0.056,2.29944
2021/6/28 3:00:00,0,0.056,2.25169
2021/6/28 4:00:00,0,0.072,2.227815
2021/6/28 5:00:00,0,0.072,2.227815
2021/6/28 6:00:00,0,0.072,2.180065
2021/6/28 7:00:00,0,0.072,2.180065
2021/6/28 8:00:00,0,0.072,2.20394
2021/6/28 9:00:00,0,0.072,2.15619
2021/6/28 10:00:00,0,0.072,2.180065
2021/6/28 11:00:00,0,0.072,2.180065
2021/6/28 12:00:00,0,0.08,2.180065
2021/6/28 13:00:00,0,0.096,2.15619
2021/6/28 14:00:00,0,0,2.132315
2021/6/28 15:00:00,0,0,2.15619
2021/6/28 16:00:00,0,0,2.10844
2021/6/28 17:00:00,0,0.232,2.15619
2021/6/28 18:00:00,0,0.304,2.132315
2021/6/28 19:00:00,0,0.304,2.132315
2021/6/28 20:00:00,0,0.304,2.132315
2021/6/28 21:00:00,0,0.304,2.10844
2021/6/28 22:00:00,0,0.304,2.132315
2021/6/28 23:00:00,0,0.304,2.036815
2021/6/29 0:00:00,0,0.304,2.01294
2021/6/29 1:00:00,0,0.304,2.036815
2021/6/29 2:00:00,0,0.304,2.036815
2021/6/29 3:00:00,0,0.304,2.084565
2021/6/29 4:00:00,0,0.304,2.084565
2021/6/29 5:00:00,0,0.304,2.084565
2021/6/29 6:00:00,0,0.304,2.06069
2021/6/29 7:00:00,0,0.304,2.084565
2021/6/29 8:00:00,0,0.304,2.10844
2021/6/29 9:00:00,0,0.304,2.10844
2021/6/29 10:00:00,0,0.304,2.084565
2021/6/29 11:00:00,0,0.304,2.01294
2021/6/29 12:00:00,0,0.304,2.084565
2021/6/29 13:00:00,0,0.304,2.01294
2021/6/29 14:00:00,0,0,2.084565
2021/6/29 15:00:00,0,0,2.06069
2021/6/29 16:00:00,0,0,2.06069
2021/6/29 17:00:00,0,0,2.01294
2021/6/29 18:00:00,0,0,2.084565
2021/6/29 19:00:00,0,0,1.989065
2021/6/29 20:00:00,0,0,2.10844
2021/6/29 21:00:00,0,0,2.132315
2021/6/29 22:00:00,0,0,2.084565
2021/6/29 23:00:00,0,0,2.06069
2021/6/30 0:00:00,0,0,2.084565
2021/6/30 1:00:00,0,0,2.10844
2021/6/30 2:00:00,0,0,2.06069
2021/6/30 3:00:00,0,0,2.01294
2021/6/30 4:00:00,0,0,1.989065
2021/6/30 5:00:00,0,0,1.96519
2021/6/30 6:00:00,0,0,1.96519
2021/6/30 7:00:00,0,0,2.06069
2021/6/30 8:00:00,0,0,2.036815
2021/6/30 9:00:00,0,0,1.96519
2021/6/30 10:00:00,0,0,2.01294
2021/6/30 11:00:00,0,0,2.036815
2021/6/30 12:00:00,0,0,1.96519
2021/6/30 13:00:00,0,0.04,1.941315
2021/6/30 14:00:00,0,0.04,1.989065
2021/6/30 15:00:00,0,0.04,2.036815
2021/6/30 16:00:00,0,0.04,2.01294
2021/6/30 17:00:00,0,0.04,2.06069
2021/6/30 18:00:00,0,0.04,2.371065
2021/6/30 19:00:00,0,0.04,2.275565
2021/6/30 20:00:00,0,0.048,2.20394
2021/6/30 21:00:00,0,0.048,2.180065
2021/6/30 22:00:00,0,0.048,2.15619
2021/6/30 23:00:00,0,0.048,2.132315
2021/7/1 0:00:00,0,0.048,2.10844
2021/7/1 1:00:00,0,0.048,2.10844
2021/7/1 2:00:00,0,0.048,2.01294
2021/7/1 3:00:00,0,0.048,1.989065
2021/7/1 4:00:00,0,0.048,2.01294
2021/7/1 5:00:00,0,0.048,1.989065
2021/7/1 6:00:00,0,0.048,1.989065
2021/7/1 7:00:00,0,0.048,1.941315
2021/7/1 8:00:00,0,0.048,2.01294
2021/7/1 9:00:00,0,0.048,2.036815
2021/7/1 10:00:00,0,0.048,2.036815
2021/7/1 11:00:00,0,0.048,1.941315
2021/7/1 12:00:00,0,0,2.01294
2021/7/1 13:00:00,0,0.36,2.01294
2021/7/1 14:00:00,0,0.36,1.941315
2021/7/1 15:00:00,0,0.368,2.036815
2021/7/1 16:00:00,0,0.368,2.036815
2021/7/1 17:00:00,0,0.368,2.132315
2021/7/1 18:00:00,0,0.368,2.084565
2021/7/1 19:00:00,0,0.368,2.036815
2021/7/1 20:00:00,0,0.368,2.084565
2021/7/1 21:00:00,0,0.368,2.10844
2021/7/1 22:00:00,0,0.368,2.10844
2021/7/1 23:00:00,0,0.368,2.084565
2021/7/2 0:00:00,0,0.368,2.01294
2021/7/2 1:00:00,0,0.368,2.01294
2021/7/2 2:00:00,0,0.368,1.989065
2021/7/2 3:00:00,0,0.368,2.036815
2021/7/2 4:00:00,0,0.368,1.96519
2021/7/2 5:00:00,0,0.368,1.941315
2021/7/2 6:00:00,0,0.368,2.01294
2021/7/2 7:00:00,0,0.368,1.989065
2021/7/2 8:00:00,0,0.368,1.96519
2021/7/2 9:00:00,0,0.368,1.989065
2021/7/2 10:00:00,0,0.368,1.91744
2021/7/2 11:00:00,0,0.368,1.989065
2021/7/2 12:00:00,0,0,1.91744
2021/7/2 13:00:00,0,0.184,1.96519
2021/7/2 14:00:00,0,0.192,1.96519
2021/7/2 15:00:00,0,0.192,1.96519
2021/7/2 16:00:00,0,0.192,1.96519
2021/7/2 17:00:00,0,0.192,1.989065
2021/7/2 18:00:00,0,0.192,1.893565
2021/7/2 19:00:00,0,0.192,2.036815
2021/7/2 20:00:00,0,0.192,2.036815
2021/7/2 21:00:00,0,0.192,1.96519
2021/7/2 22:00:00,0,0.192,1.941315
2021/7/2 23:00:00,0,0.192,1.91744
2021/7/3 0:00:00,0,0.192,1.893565
2021/7/3 1:00:00,0,0.192,1.96519
2021/7/3 2:00:00,0,0.192,1.96519
2021/7/3 3:00:00,0,0.192,1.96519
2021/7/3 4:00:00,0,0.192,1.91744
2021/7/3 5:00:00,0,0.192,1.893565
2021/7/3 6:00:00,0,0.192,1.893565
2021/7/3 7:00:00,0,0.192,1.893565
2021/7/3 8:00:00,0,0.192,1.893565
2021/7/3 9:00:00,0,0.192,1.86969
2021/7/3 10:00:00,0,0.192,1.86969
2021/7/3 11:00:00,0,0.192,1.86969
2021/7/3 12:00:00,0,0,1.96519
2021/7/3 13:00:00,0,0,1.893565
2021/7/3 14:00:00,0,0,2.227815
2021/7/3 15:00:00,0,0,2.15619
2021/7/3 16:00:00,0,0,2.132315
2021/7/3 17:00:00,0,0,2.15619
2021/7/3 18:00:00,0,0,2.132315
2021/7/3 19:00:00,0,0,2.084565
2021/7/3 20:00:00,0,0,2.084565
2021/7/3 21:00:00,0,0,2.06069
2021/7/3 22:00:00,0,0,1.989065
2021/7/3 23:00:00,0,0,2.06069
2021/7/4 0:00:00,0,0,1.989065
2021/7/4 1:00:00,0,0,2.01294
2021/7/4 2:00:00,0,0,1.941315
2021/7/4 3:00:00,0,0,1.989065
2021/7/4 4:00:00,0,0,1.989065
2021/7/4 5:00:00,0,0,1.941315
2021/7/4 6:00:00,0,0,1.91744
2021/7/4 7:00:00,0,0,1.91744
2021/7/4 8:00:00,0,0,2.01294
2021/7/4 9:00:00,0,0,2.06069
2021/7/4 10:00:00,0,0,1.989065
2021/7/4 11:00:00,0,0,2.10844
2021/7/4 12:00:00,0,0,1.989065
2021/7/4 13:00:00,0,0,1.893565
2021/7/4 14:00:00,0,0.032,1.941315
2021/7/4 15:00:00,0,0.04,2.01294
2021/7/4 16:00:00,0,0.056,2.132315
2021/7/4 17:00:00,0,0.056,2.15619
2021/7/4 18:00:00,0,0.064,2.3352525
2021/7/4 19:00:00,0,0.064,2.514315
2021/7/4 20:00:00,0,0.064,2.6695025
2021/7/4 21:00:00,0,0.064,2.82469
2021/7/4 22:00:00,0,0.064,2.63369
2021/7/4 23:00:00,0,0.064,2.44269
2021/7/5 0:00:00,0,0.064,2.49044
2021/7/5 1:00:00,0,0.064,2.418815
2021/7/5 2:00:00,0,0.064,2.34719
2021/7/5 3:00:00,0,0.064,2.275565
2021/7/5 4:00:00,0,0.064,2.29944
2021/7/5 5:00:00,0,0.064,2.20394
2021/7/5 6:00:00,0,0.064,2.15619
2021/7/5 7:00:00,0,0.064,2.180065
2021/7/5 8:00:00,0,0.064,2.132315
2021/7/5 9:00:00,0,0.064,2.15619
2021/7/5 10:00:00,0,0.064,2.180065
2021/7/5 11:00:00,0,0.064,2.132315
2021/7/5 12:00:00,0,0,2.132315
2021/7/5 13:00:00,0,0,2.10844
2021/7/5 14:00:00,0,0,2.132315
2021/7/5 15:00:00,0,0,2.10844
2021/7/5 16:00:00,0,0,2.084565
2021/7/5 17:00:00,0,0,2.036815
2021/7/5 18:00:00,0,0,2.132315
2021/7/5 19:00:00,0,0,2.036815
2021/7/5 20:00:00,0,0,2.20394
2021/7/5 21:00:00,0,0,2.275565
2021/7/5 22:00:00,0,0,2.180065
2021/7/5 23:00:00,0,0,2.20394
2021/7/6 0:00:00,0,0,2.227815
2021/7/6 1:00:00,0,0,2.132315
2021/7/6 2:00:00,0,0,2.132315
2021/7/6 3:00:00,0,0,2.20394
2021/7/6 4:00:00,0,0,2.132315
2021/7/6 5:00:00,0,0,2.10844
2021/7/6 6:00:00,0,0,2.10844
2021/7/6 7:00:00,0,0,2.06069
2021/7/6 8:00:00,0,0,2.15619
2021/7/6 9:00:00,0,0,2.10844
2021/7/6 10:00:00,0,0.368,2.036815
2021/7/6 11:00:00,0,0.792,2.084565
2021/7/6 12:00:00,0,0,2.06069
2021/7/6 13:00:00,0,0,2.036815
2021/7/6 14:00:00,0,0,2.06069
2021/7/6 15:00:00,0,0,2.01294
2021/7/6 16:00:00,0,0,2.01294
2021/7/6 17:00:00,0,0,1.989065
2021/7/6 18:00:00,0,0,2.036815
2021/7/6 19:00:00,0,0.008,2.06069
2021/7/6 20:00:00,0,0.016,2.01294
2021/7/6 21:00:00,0,0.024,1.989065
2021/7/6 22:00:00,0,0.024,2.036815
2021/7/6 23:00:00,0,0.024,2.01294
2021/7/7 0:00:00,0,0.024,2.010769545
2021/7/7 1:00:00,0,0.024,2.008599091
2021/7/7 2:00:00,0,0.024,2.006428636
2021/7/7 3:00:00,0,0.024,2.004258182
2021/7/7 4:00:00,0,0.024,2.002087727
2021/7/7 5:00:00,0,0.024,1.999917273
2021/7/7 6:00:00,0,0.024,1.997746818
2021/7/7 7:00:00,0,0.024,1.995576364
2021/7/7 8:00:00,0,0.024,1.993405909
2021/7/7 9:00:00,0,0.024,1.991235455
2021/7/7 10:00:00,0,0.024,1.989065
2021/7/7 11:00:00,0,0.024,2.01294
2021/7/7 12:00:00,0,0,1.989065
2021/7/7 13:00:00,0,0,1.91744
2021/7/7 14:00:00,0,0,1.96519
2021/7/7 15:00:00,0,0,1.989065
2021/7/7 16:00:00,0,0,1.893565
2021/7/7 17:00:00,0,0,2.132315
2021/7/7 18:00:00,0,0,2.371065
2021/7/7 19:00:00,0,0,2.418815
2021/7/7 20:00:00,0,0,2.275565
2021/7/7 21:00:00,0,0,2.227815
2021/7/7 22:00:00,0,0,2.132315
2021/7/7 23:00:00,0,0,2.20394
2021/7/8 0:00:00,0,0,2.132315
2021/7/8 1:00:00,0,0,2.132315
2021/7/8 2:00:00,0,0,2.10844
2021/7/8 3:00:00,0,0,2.06069
2021/7/8 4:00:00,0,0,2.01294
2021/7/8 5:00:00,0,0,1.96519
2021/7/8 6:00:00,0,0,1.989065
2021/7/8 7:00:00,0,0,2.01294
2021/7/8 8:00:00,0,0,1.989065
2021/7/8 9:00:00,0,0,1.941315
2021/7/8 10:00:00,0,0,1.91744
2021/7/8 11:00:00,0,0,1.96519
2021/7/8 12:00:00,0,0,1.96519
2021/7/8 13:00:00,0,0,1.893565
2021/7/8 14:00:00,0,0,1.96519
2021/7/8 15:00:00,0,0,1.941315
2021/7/8 16:00:00,0,0,1.989065
2021/7/8 17:00:00,0,0,2.10844
2021/7/8 18:00:00,0,0,1.989065
2021/7/8 19:00:00,0,0,1.96519
2021/7/8 20:00:00,0,0,2.036815
2021/7/8 21:00:00,0,0,2.036815
2021/7/8 22:00:00,0,0.008,1.941315
2021/7/8 23:00:00,0,0.064,1.941315
2021/7/9 0:00:00,0,0.072,1.989065
2021/7/9 1:00:00,0,0.08,1.989065
2021/7/9 2:00:00,0,0.08,1.86969
2021/7/9 3:00:00,0,0.08,1.893565
2021/7/9 4:00:00,0,0.08,1.91744
2021/7/9 5:00:00,0,0.08,1.96519
2021/7/9 6:00:00,0,0.08,1.989065
2021/7/9 7:00:00,0,0.08,2.036815
2021/7/9 8:00:00,0,0.08,2.084565
2021/7/9 9:00:00,0,0.08,2.180065
2021/7/9 10:00:00,0,0.08,2.10844
2021/7/9 11:00:00,0,0.08,2.15619
2021/7/9 12:00:00,0,0.08,2.15619
2021/7/9 13:00:00,0,0.08,2.227815
2021/7/9 14:00:00,0,0.08,2.10844
2021/7/9 15:00:00,0,0.08,2.084565
2021/7/9 16:00:00,0,0.08,1.989065
2021/7/9 17:00:00,0,0.08,2.036815
2021/7/9 18:00:00,0,0.08,1.989065
2021/7/9 19:00:00,0,0.08,2.01294
2021/7/9 20:00:00,0,0.08,2.01294
2021/7/9 21:00:00,0,0,1.941315
2021/7/9 22:00:00,0,0,1.96519
2021/7/9 23:00:00,0,0.016,1.989065
2021/7/10 0:00:00,0,0.016,1.941315
2021/7/10 1:00:00,0,0.016,2.036815
2021/7/10 2:00:00,0,0.016,1.91744
2021/7/10 3:00:00,0,0.016,1.96519
2021/7/10 4:00:00,0,0.016,1.989065
2021/7/10 5:00:00,0,0.016,1.91744
2021/7/10 6:00:00,0,0.016,1.96519
2021/7/10 7:00:00,0,0.016,1.893565
2021/7/10 8:00:00,0,0.016,1.91744
2021/7/10 9:00:00,0,0.048,1.893565
2021/7/10 10:00:00,0,0.184,1.91744
2021/7/10 11:00:00,0,0.28,1.989065
2021/7/10 12:00:00,0,0.288,1.941315
2021/7/10 13:00:00,0,0.288,1.941315
2021/7/10 14:00:00,0,0.288,1.96519
2021/7/10 15:00:00,0,0.288,1.941315
2021/7/10 16:00:00,0,0.288,1.91744
2021/7/10 17:00:00,0,0.288,1.893565
2021/7/10 18:00:00,0,0.288,1.91744
2021/7/10 19:00:00,0,0.288,1.91744
2021/7/10 20:00:00,0,0.288,2.15619
2021/7/10 21:00:00,0,0,2.132315
2021/7/10 22:00:00,0,0,2.29944
2021/7/10 23:00:00,0,0.016,2.562065
2021/7/11 0:00:00,0,0.032,2.8605025
2021/7/11 1:00:00,0,0.072,3.15894
2021/7/11 2:00:00,0,0.152,2.96794
2021/7/11 3:00:00,0,0.16,2.96794
2021/7/11 4:00:00,0,0.168,2.753065
2021/7/11 5:00:00,0,0.168,2.72919
2021/7/11 6:00:00,0,0.168,2.58594
2021/7/11 7:00:00,0,0.168,2.53819
2021/7/11 8:00:00,0,0.168,2.562065
2021/7/11 9:00:00,0,0.168,2.44269
2021/7/11 10:00:00,0,0.168,2.418815
2021/7/11 11:00:00,0,0.168,2.39494
2021/7/11 12:00:00,0,0.168,2.323315
2021/7/11 13:00:00,0,0.168,2.275565
2021/7/11 14:00:00,0,0.168,2.275565
2021/7/11 15:00:00,0,0.168,2.323315
2021/7/11 16:00:00,0,0.168,2.25169
2021/7/11 17:00:00,0,0.168,2.20394
2021/7/11 18:00:00,0,0.168,2.25169
2021/7/11 19:00:00,0,0.168,2.20394
2021/7/11 20:00:00,0,0.168,2.15619
2021/7/11 21:00:00,0,0,2.15619
2021/7/11 22:00:00,0,0.072,2.132315
2021/7/11 23:00:00,0,0.072,2.132315
2021/7/12 0:00:00,0,0.072,2.10844
2021/7/12 1:00:00,0,0.072,2.10844
2021/7/12 2:00:00,0,0.176,2.036815
2021/7/12 3:00:00,0,1.104,2.06069
2021/7/12 4:00:00,0,1.312,2.084565
2021/7/12 5:00:00,0,1.496,2.036815
2021/7/12 6:00:00,0,1.52,2.084565
2021/7/12 7:00:00,0,1.52,2.10844
2021/7/12 8:00:00,0,1.52,2.06069
2021/7/12 9:00:00,0,1.52,2.036815
2021/7/12 10:00:00,0,1.52,2.01294
2021/7/12 11:00:00,0,1.52,1.989065
2021/7/12 12:00:00,0,1.52,2.036815
2021/7/12 13:00:00,0,1.52,1.96519
2021/7/12 14:00:00,0,1.52,2.06069
2021/7/12 15:00:00,0,1.52,1.96519
2021/7/12 16:00:00,0,1.52,1.989065
2021/7/12 17:00:00,0,1.52,2.036815
2021/7/12 18:00:00,0,1.52,1.96519
2021/7/12 19:00:00,0,1.52,1.941315
2021/7/12 20:00:00,0,1.52,1.989065
2021/7/12 21:00:00,0,0,2.01294
2021/7/12 22:00:00,0,0,2.01294
2021/7/12 23:00:00,0,0,1.96519
2021/7/13 0:00:00,0,0,1.941315
2021/7/13 1:00:00,0,0,2.036815
2021/7/13 2:00:00,0,0,1.96519
2021/7/13 3:00:00,0,0,1.91744
2021/7/13 4:00:00,0,0,1.989065
2021/7/13 5:00:00,0,0,1.989065
2021/7/13 6:00:00,0,0,1.989065
2021/7/13 7:00:00,0,0,1.96519
2021/7/13 8:00:00,0,0,1.91744
2021/7/13 9:00:00,0,0,1.96519
2021/7/13 10:00:00,0,0,1.893565
2021/7/13 11:00:00,0,0,1.91744
2021/7/13 12:00:00,0,0,1.96519
2021/7/13 13:00:00,0,0,2.01294
2021/7/13 14:00:00,0,0,1.96519
2021/7/13 15:00:00,0,0,1.96519
2021/7/13 16:00:00,0,0,1.941315
2021/7/13 17:00:00,0,0,2.371065
2021/7/13 18:00:00,0,0,2.466565
2021/7/13 19:00:00,0,0,2.53819
2021/7/13 20:00:00,0,0,2.800815
2021/7/13 21:00:00,0,0,2.705315
2021/7/13 22:00:00,0,0,2.58594
2021/7/13 23:00:00,0,0,2.44269
2021/7/14 0:00:00,0,0,2.44269
2021/7/14 1:00:00,0,0,2.39494
2021/7/14 2:00:00,0,0,2.323315
2021/7/14 3:00:00,0,0.008,2.227815
2021/7/14 4:00:00,0,0.008,2.275565
2021/7/14 5:00:00,0,0.008,2.180065
2021/7/14 6:00:00,0,0.008,2.180065
2021/7/14 7:00:00,0,0.008,2.20394
2021/7/14 8:00:00,0,0.008,2.20394
2021/7/14 9:00:00,0,0.008,2.10844
2021/7/14 10:00:00,0,0.008,2.180065
2021/7/14 11:00:00,0,0.008,2.132315
2021/7/14 12:00:00,0,0.008,2.10844
2021/7/14 13:00:00,0,0.008,2.06069
2021/7/14 14:00:00,0,0.008,2.15619
2021/7/14 15:00:00,0,0.008,2.036815
2021/7/14 16:00:00,0,0.008,2.06069
2021/7/14 17:00:00,0,0.008,2.084565
2021/7/14 18:00:00,0,0.008,2.10844
2021/7/14 19:00:00,0,0.008,2.01294
2021/7/14 20:00:00,0,0.008,2.084565
2021/7/14 21:00:00,0,0,1.989065
2021/7/14 22:00:00,0,0,2.084565
2021/7/14 23:00:00,0,0.056,2.06069
2021/7/15 0:00:00,0,0.16,2.01294
2021/7/15 1:00:00,0,0.232,2.084565
2021/7/15 2:00:00,0,0.328,2.036815
2021/7/15 3:00:00,0,0.44,2.01294
2021/7/15 4:00:00,0,0.448,2.084565
2021/7/15 5:00:00,0,0.448,2.01294
2021/7/15 6:00:00,0,0.448,2.036815
2021/7/15 7:00:00,0,0.448,2.01294
2021/7/15 8:00:00,0,0.448,2.036815
2021/7/15 9:00:00,0,0.448,1.989065
2021/7/15 10:00:00,0,0.448,1.989065
2021/7/15 11:00:00,0,0.448,1.941315
2021/7/15 12:00:00,0,0.448,1.96519
2021/7/15 13:00:00,0,0.448,1.96519
2021/7/15 14:00:00,0,0.448,2.01294
2021/7/15 15:00:00,0,0.448,1.989065
2021/7/15 16:00:00,0,0.448,1.941315
2021/7/15 17:00:00,0,0.448,2.418815
2021/7/15 18:00:00,0,0.448,2.896315
2021/7/15 19:00:00,0,0.448,3.373815
2021/7/15 20:00:00,0,0.448,3.11119
2021/7/15 21:00:00,0,0,2.96794
2021/7/15 22:00:00,0,0,2.72919
2021/7/15 23:00:00,0,0,2.657565
2021/7/16 0:00:00,0,0,2.514315
2021/7/16 1:00:00,0,0,2.53819
2021/7/16 2:00:00,0,0,2.49044
2021/7/16 3:00:00,0,0,2.466565
2021/7/16 4:00:00,0,0,2.39494
2021/7/16 5:00:00,0,0,2.371065
2021/7/16 6:00:00,0,0,2.371065
2021/7/16 7:00:00,0,0,2.34719
2021/7/16 8:00:00,0,0,2.29944
2021/7/16 9:00:00,0,0,2.29944
2021/7/16 10:00:00,0,0,2.275565
2021/7/16 11:00:00,0,0,2.227815
2021/7/16 12:00:00,0,0,2.25169
2021/7/16 13:00:00,0,0,2.180065
2021/7/16 14:00:00,0,0,2.25169
2021/7/16 15:00:00,0,0,2.34719
2021/7/16 16:00:00,0,0.432,2.514315
2021/7/16 17:00:00,0,0.432,2.418815
2021/7/16 18:00:00,0,0.432,2.29944
2021/7/16 19:00:00,0,0.432,2.275565
2021/7/16 20:00:00,0,0.432,2.20394
2021/7/16 21:00:00,0,0.432,2.15619
2021/7/16 22:00:00,0,0.432,2.132315
2021/7/16 23:00:00,0,0.432,2.15619
2021/7/17 0:00:00,0,0.44,2.132315
2021/7/17 1:00:00,0,0.44,2.20394
2021/7/17 2:00:00,0,0.44,2.20394
2021/7/17 3:00:00,0,0.44,2.15619
2021/7/17 4:00:00,0,0.44,2.10844
2021/7/17 5:00:00,0,0.44,2.15619
2021/7/17 6:00:00,0,0.488,2.06069
2021/7/17 7:00:00,0,0,2.10844
2021/7/17 8:00:00,0,0,2.06069
2021/7/17 9:00:00,0,0,2.084565
2021/7/17 10:00:00,0,0,2.06069
2021/7/17 11:00:00,0,0,2.132315
2021/7/17 12:00:00,0,0.016,2.036815
2021/7/17 13:00:00,0,0.04,2.10844
2021/7/17 14:00:00,0,0.04,2.036815
2021/7/17 15:00:00,0,0.064,2.036815
2021/7/17 16:00:00,0,0.152,2.06069
2021/7/17 17:00:00,0,0.152,2.036815
2021/7/17 18:00:00,0,0.152,2.01294
2021/7/17 19:00:00,0,0.152,2.084565
2021/7/17 20:00:00,0,0.152,2.036815
2021/7/17 21:00:00,0,0.152,2.06069
2021/7/17 22:00:00,0,0.152,2.01294
2021/7/17 23:00:00,0,0.152,1.989065
2021/7/18 0:00:00,0,0.152,1.989065
2021/7/18 1:00:00,0,0.152,1.96519
2021/7/18 2:00:00,0,0.152,2.01294
2021/7/18 3:00:00,0,0.152,1.989065
2021/7/18 4:00:00,0,0.152,2.06069
2021/7/18 5:00:00,0,0.168,2.01294
2021/7/18 6:00:00,0,0,2.01294
2021/7/18 7:00:00,0,0,1.989065
2021/7/18 8:00:00,0,0,1.989065
2021/7/18 9:00:00,0,0,1.941315
2021/7/18 10:00:00,0,0,1.96519
2021/7/18 11:00:00,0,0,1.941315
2021/7/18 12:00:00,0,0,1.96519
2021/7/18 13:00:00,0,0,1.989065
2021/7/18 14:00:00,0,0,2.01294
2021/7/18 15:00:00,0,0,1.96519
2021/7/18 16:00:00,0,0,2.084565
2021/7/18 17:00:00,0,0,2.63369
2021/7/18 18:00:00,0,0,3.182815
2021/7/18 19:00:00,0,0,2.77694
2021/7/18 20:00:00,0,0,2.514315
2021/7/18 21:00:00,0,0,2.44269
2021/7/18 22:00:00,0,0,2.371065
2021/7/18 23:00:00,0,0,2.371065
2021/7/19 0:00:00,0,0,2.25169
2021/7/19 1:00:00,0,0,2.227815
2021/7/19 2:00:00,0,0,2.20394
2021/7/19 3:00:00,0,0.032,2.180065
2021/7/19 4:00:00,0,0.504,2.180065
2021/7/19 5:00:00,0,0.504,2.132315
2021/7/19 6:00:00,0,0.512,2.132315
2021/7/19 7:00:00,0,0.512,2.20394
2021/7/19 8:00:00,0,0.512,2.180065
2021/7/19 9:00:00,0,0.512,2.10844
2021/7/19 10:00:00,0,0.512,2.132315
2021/7/19 11:00:00,0,0.512,2.06069
2021/7/19 12:00:00,0,0.512,2.10844
2021/7/19 13:00:00,0,0.512,2.06069
2021/7/19 14:00:00,0,0.512,2.084565
2021/7/19 15:00:00,0,0.512,2.084565
2021/7/19 16:00:00,0,0.512,2.036815
2021/7/19 17:00:00,0,0.512,2.084565
2021/7/19 18:00:00,0,0.512,2.6933775
2021/7/19 19:00:00,0,0.512,3.30219
2021/7/19 20:00:00,0,0.512,3.708065
2021/7/19 21:00:00,0,0.512,3.660315
2021/7/19 22:00:00,0,0.512,3.612565
2021/7/19 23:00:00,0,0.512,3.25444
2021/7/20 0:00:00,0,0.512,3.15894
2021/7/20 1:00:00,0,0,2.87244
2021/7/20 2:00:00,0,0,2.800815
2021/7/20 3:00:00,0,0.208,2.68144
2021/7/20 4:00:00,0,1.304,2.63369
2021/7/20 5:00:00,0,1.328,2.63369
2021/7/20 6:00:00,0,1.408,2.49044
2021/7/20 7:00:00,0,1.408,2.514315
2021/7/20 8:00:00,0,1.408,2.49044
2021/7/20 9:00:00,0,1.416,2.418815
2021/7/20 10:00:00,0,1.416,2.466565
2021/7/20 11:00:00,0,1.416,2.418815
2021/7/20 12:00:00,0,1.416,2.34719
2021/7/20 13:00:00,0,1.416,2.371065
2021/7/20 14:00:00,0,1.416,2.323315
2021/7/20 15:00:00,0,1.416,2.323315
2021/7/20 16:00:00,0,1.416,2.29944
2021/7/20 17:00:00,0,1.416,2.323315
2021/7/20 18:00:00,0,1.416,2.25169
2021/7/20 19:00:00,0,1.416,2.49044
2021/7/20 20:00:00,0,1.416,2.49044
2021/7/20 21:00:00,0,1.416,2.609815
2021/7/20 22:00:00,0,1.416,2.705315
2021/7/20 23:00:00,0,1.416,2.562065
2021/7/21 0:00:00,0,0,2.514315
2021/7/21 1:00:00,0,0,2.418815
2021/7/21 2:00:00,0,0,2.418815
2021/7/21 3:00:00,0,0.016,2.39494
2021/7/21 4:00:00,0,0.016,2.29944
2021/7/21 5:00:00,0,0.016,2.275565
2021/7/21 6:00:00,0,0.024,2.34719
2021/7/21 7:00:00,0,0.024,2.227815
2021/7/21 8:00:00,0,0.024,2.275565
2021/7/21 9:00:00,0,0.024,2.20394
2021/7/21 10:00:00,0,0.024,2.20394
2021/7/21 11:00:00,0,0.024,2.180065
2021/7/21 12:00:00,0,0.024,2.275565
2021/7/21 13:00:00,0,0.024,2.180065
2021/7/21 14:00:00,0,0.024,2.15619
2021/7/21 15:00:00,0,0.024,2.180065
2021/7/21 16:00:00,0,0.024,2.15619
2021/7/21 17:00:00,0,0.024,2.180065
2021/7/21 18:00:00,0,0.024,2.132315
2021/7/21 19:00:00,0,0.024,2.10844
2021/7/21 20:00:00,0,0,2.15619
2021/7/21 21:00:00,0,0,2.10844
2021/7/21 22:00:00,0,0,2.15619
2021/7/21 23:00:00,0,0,2.10844
2021/7/22 0:00:00,0,0,2.15619
2021/7/22 1:00:00,0,0,2.10844
2021/7/22 2:00:00,0,0,2.06069
2021/7/22 3:00:00,0,0,2.084565
2021/7/22 4:00:00,0,0,2.06069
2021/7/22 5:00:00,0,0,2.036815
2021/7/22 6:00:00,0,0,2.084565
2021/7/22 7:00:00,0,0,2.084565
2021/7/22 8:00:00,0,0,2.036815
2021/7/22 9:00:00,0,0,2.084565
2021/7/22 10:00:00,0,0,2.084565
2021/7/22 11:00:00,0,0,2.084565
2021/7/22 12:00:00,0,0,2.10844
2021/7/22 13:00:00,0,0,2.10844
2021/7/22 14:00:00,0,0,2.01294
2021/7/22 15:00:00,0,0,2.084565
2021/7/22 16:00:00,0,0,2.084565
2021/7/22 17:00:00,0,0,1.989065
2021/7/22 18:00:00,0,0,2.06069
2021/7/22 19:00:00,0,0,2.01294
2021/7/22 20:00:00,0,0,2.036815
2021/7/22 21:00:00,0,0,1.989065
2021/7/22 22:00:00,0,0,2.036815
2021/7/22 23:00:00,0,0,1.989065
2021/7/23 0:00:00,0,0,2.01294
2021/7/23 1:00:00,0,0,2.036815
2021/7/23 2:00:00,0,0,2.01294
2021/7/23 3:00:00,0,0,2.036815
2021/7/23 4:00:00,0,0,2.036815
2021/7/23 5:00:00,0,0,1.941315
2021/7/23 6:00:00,0,0,1.941315
2021/7/23 7:00:00,0,0,1.96519
2021/7/23 8:00:00,0,0,2.01294
2021/7/23 9:00:00,0,0,2.01294
2021/7/23 10:00:00,0,0,2.036815
2021/7/23 11:00:00,0,0,1.941315
2021/7/23 12:00:00,0,0,2.036815
2021/7/23 13:00:00,0,0,1.989065
2021/7/23 14:00:00,0,0,1.96519
2021/7/23 15:00:00,0,0,1.989065
2021/7/23 16:00:00,0,0,2.01294
2021/7/23 17:00:00,0,0,1.941315
2021/7/23 18:00:00,0,0,1.96519
2021/7/23 19:00:00,0,0,1.96519
2021/7/23 20:00:00,0,0,1.941315
2021/7/23 21:00:00,0,0,1.96519
2021/7/23 22:00:00,0,0,1.96519
2021/7/23 23:00:00,0,0,1.91744
2021/7/24 0:00:00,0,0.008,1.941315
2021/7/24 1:00:00,0,0.008,1.941315
2021/7/24 2:00:00,0,0.008,1.989065
2021/7/24 3:00:00,0,0.008,1.91744
2021/7/24 4:00:00,0,0.008,1.893565
2021/7/24 5:00:00,0,0.008,1.989065
2021/7/24 6:00:00,0,0.008,1.96519
2021/7/24 7:00:00,0,0.008,1.91744
2021/7/24 8:00:00,0,0.008,1.91744
2021/7/24 9:00:00,0,0.008,1.941315
2021/7/24 10:00:00,0,0.008,1.96519
2021/7/24 11:00:00,0,0.008,1.893565
2021/7/24 12:00:00,0,0.016,1.989065
2021/7/24 13:00:00,0,0.016,1.91744
2021/7/24 14:00:00,0,0,1.989065
2021/7/24 15:00:00,0,0,1.96519
2021/7/24 16:00:00,0,0,1.941315
2021/7/24 17:00:00,0,0,1.941315
2021/7/24 18:00:00,0,0,1.941315
2021/7/24 19:00:00,0,0,2.06069
2021/7/24 20:00:00,0,0,1.893565
2021/7/24 21:00:00,0,0,1.941315
2021/7/24 22:00:00,0,0,1.893565
2021/7/24 23:00:00,0,0,1.91744
2021/7/25 0:00:00,0,0,1.91744
2021/7/25 1:00:00,0,0,1.845815
2021/7/25 2:00:00,0,0,1.941315
2021/7/25 3:00:00,0,0,1.96519
2021/7/25 4:00:00,0,0,1.91744
2021/7/25 5:00:00,0,0,1.941315
2021/7/25 6:00:00,0,0,1.86969
2021/7/25 7:00:00,0,0,1.86969
2021/7/25 8:00:00,0,0,1.91744
2021/7/25 9:00:00,0,0,1.845815
2021/7/25 10:00:00,0,0,1.91744
2021/7/25 11:00:00,0,0,1.86969
2021/7/25 12:00:00,0,0,1.893565
2021/7/25 13:00:00,0,0,1.941315
2021/7/25 14:00:00,0,0,1.91744
2021/7/25 15:00:00,0,0,1.893565
2021/7/25 16:00:00,0,0,1.86969
2021/7/25 17:00:00,0,0,1.86969
2021/7/25 18:00:00,0,0,1.86969
2021/7/25 19:00:00,0,0,1.893565
2021/7/25 20:00:00,0,0,1.82194
2021/7/25 21:00:00,0,0,1.845815
2021/7/25 22:00:00,0,0,1.86969
2021/7/25 23:00:00,0,0,1.82194
2021/7/26 0:00:00,0,0,1.893565
2021/7/26 1:00:00,0,0,1.893565
2021/7/26 2:00:00,0,0,1.82194
2021/7/26 3:00:00,0,0,1.82194
2021/7/26 4:00:00,0,0,1.86969
2021/7/26 5:00:00,0,0,1.8577525
2021/7/26 6:00:00,0,0,1.845815
2021/7/26 7:00:00,0,0,1.845815
2021/7/26 8:00:00,0,0,1.845815
2021/7/26 9:00:00,0,0,1.845815
2021/7/26 10:00:00,0,0,1.893565
2021/7/26 11:00:00,0,0,1.86969
2021/7/26 12:00:00,0,0,1.845815
2021/7/26 13:00:00,0,0,1.82194
2021/7/26 14:00:00,0,0,1.845815
2021/7/26 15:00:00,0,0,1.845815
2021/7/26 16:00:00,0,0,1.893565
2021/7/26 17:00:00,0,0,1.82194
2021/7/26 18:00:00,0,0,1.845815
2021/7/26 19:00:00,0,0,1.86969
2021/7/26 20:00:00,0,0,1.893565
2021/7/26 21:00:00,0,0,1.845815
2021/7/26 22:00:00,0,0,1.798065
2021/7/26 23:00:00,0,0,1.845815
2021/7/27 0:00:00,0,0,1.798065
2021/7/27 1:00:00,0,0,1.82194
2021/7/27 2:00:00,0,0,1.86969
2021/7/27 3:00:00,0,0,1.798065
2021/7/27 4:00:00,0,0,1.82194
2021/7/27 5:00:00,0,0,1.86969
2021/7/27 6:00:00,0,0,1.82194
2021/7/27 7:00:00,0,0,1.798065
2021/7/27 8:00:00,0,0,1.82194
2021/7/27 9:00:00,0,0,1.82194
2021/7/27 10:00:00,0,0,1.82194
2021/7/27 11:00:00,0,0,1.82194
2021/7/27 12:00:00,0,0,1.798065
2021/7/27 13:00:00,0,0,1.86969
2021/7/27 14:00:00,0,0,1.82194
2021/7/27 15:00:00,0,0,1.893565
2021/7/27 16:00:00,0,0,1.845815
2021/7/27 17:00:00,0,0,1.845815
2021/7/27 18:00:00,0,0,1.798065
2021/7/27 19:00:00,0,0,1.798065
2021/7/27 20:00:00,0,0,1.845815
2021/7/27 21:00:00,0,0,1.77419
2021/7/27 22:00:00,0,0,1.798065
2021/7/27 23:00:00,0,0,1.82194
2021/7/28 0:00:00,0,0,1.798065
2021/7/28 1:00:00,0,0,1.86969
2021/7/28 2:00:00,0,0,1.798065
2021/7/28 3:00:00,0,0,1.86969
2021/7/28 4:00:00,0,0,1.798065
2021/7/28 5:00:00,0,0,1.82194
2021/7/28 6:00:00,0,0,1.845815
2021/7/28 7:00:00,0,0,1.82194
2021/7/28 8:00:00,0,0.008,1.86969
2021/7/28 9:00:00,0,0.016,1.82194
2021/7/28 10:00:00,0,0.016,1.82194
2021/7/28 11:00:00,0,0.016,1.845815
2021/7/28 12:00:00,0,0.016,1.82194
2021/7/28 13:00:00,0,0.016,1.845815
2021/7/28 14:00:00,0,0.016,1.845815
2021/7/28 15:00:00,0,0.016,1.86969
2021/7/28 16:00:00,0,0.016,2.084565
2021/7/28 17:00:00,0,0.016,2.01294
2021/7/28 18:00:00,0,0.016,2.323315
2021/7/28 19:00:00,0,0.016,2.25169
2021/7/28 20:00:00,0,0.016,2.29944
2021/7/28 21:00:00,0,0.016,2.132315
2021/7/28 22:00:00,0,0.016,2.132315
2021/7/28 23:00:00,0,0.016,2.084565
2021/7/29 0:00:00,0,0.016,1.96519
2021/7/29 1:00:00,0,0.016,1.941315
2021/7/29 2:00:00,0,0.016,1.941315
2021/7/29 3:00:00,0,0.016,1.989065
2021/7/29 4:00:00,0,0.016,1.91744
2021/7/29 5:00:00,0,0.016,1.893565
2021/7/29 6:00:00,0,0,1.845815
2021/7/29 7:00:00,0,0,1.86969
2021/7/29 8:00:00,0,0,1.845815
2021/7/29 9:00:00,0,0,1.86969
2021/7/29 10:00:00,0,0,1.82194
2021/7/29 11:00:00,0,0.008,1.86969
2021/7/29 12:00:00,0,0.008,1.82194
2021/7/29 13:00:00,0,0.008,1.893565
2021/7/29 14:00:00,0,0.008,1.86969
2021/7/29 15:00:00,0,0.008,1.845815
2021/7/29 16:00:00,0,0.008,1.82194
2021/7/29 17:00:00,0,0.008,1.82194
2021/7/29 18:00:00,0,0.008,2.10844
2021/7/29 19:00:00,0,0.008,1.989065
2021/7/29 20:00:00,0,0.008,1.989065
2021/7/29 21:00:00,0,0.008,1.91744
2021/7/29 22:00:00,0,0.008,1.91744
2021/7/29 23:00:00,0,0.008,2.036815
2021/7/30 0:00:00,0,0.008,1.845815
2021/7/30 1:00:00,0,0.008,1.845815
2021/7/30 2:00:00,0,0.008,1.82194
2021/7/30 3:00:00,0,0.008,1.86969
2021/7/30 4:00:00,0,0.008,1.845815
2021/7/30 5:00:00,0,0.008,1.893565
2021/7/30 6:00:00,0,0,1.893565
2021/7/30 7:00:00,0,0,1.82194
2021/7/30 8:00:00,0,0,1.82194
2021/7/30 9:00:00,0,0,1.86969
2021/7/30 10:00:00,0,0,1.82194
2021/7/30 11:00:00,0,0,1.82194
2021/7/30 12:00:00,0,0,1.845815
2021/7/30 13:00:00,0,0,1.91744
2021/7/30 14:00:00,0,0,1.798065
2021/7/30 15:00:00,0,0.096,1.798065
2021/7/30 16:00:00,0,0.096,1.82194
2021/7/30 17:00:00,0,0.104,1.989065
2021/7/30 18:00:00,0,0.104,1.989065
2021/7/30 19:00:00,0,0.104,1.989065
2021/7/30 20:00:00,0,0.104,1.96519
2021/7/30 21:00:00,0,0.104,1.96519
2021/7/30 22:00:00,0,0.104,1.86969
2021/7/30 23:00:00,0,0.104,1.845815
2021/7/31 0:00:00,0,0.104,1.845815
2021/7/31 1:00:00,0,0.104,1.893565
2021/7/31 2:00:00,0,0.104,1.82194
2021/7/31 3:00:00,0,0.104,1.86969
2021/7/31 4:00:00,0,0.104,1.798065
2021/7/31 5:00:00,0,0.104,1.798065
2021/7/31 6:00:00,0,0.104,1.86969
2021/7/31 7:00:00,0,0.104,1.82194
2021/7/31 8:00:00,0,0,1.82194
2021/7/31 9:00:00,0,0,1.845815
2021/7/31 10:00:00,0,0,1.77419
2021/7/31 11:00:00,0,0,1.86969
2021/7/31 12:00:00,0,0,1.86969
2021/7/31 13:00:00,0,0,1.86969
2021/7/31 14:00:00,0,0,1.798065
2021/7/31 15:00:00,0,0,1.798065
2021/7/31 16:00:00,0,0,1.845815
2021/7/31 17:00:00,0,0,1.82194
2021/7/31 18:00:00,0,0,1.845815
2021/7/31 19:00:00,0,0,1.77419
2021/7/31 20:00:00,0,0,1.798065
2021/7/31 21:00:00,0,0,1.798065
2021/7/31 22:00:00,0,0,1.845815
2021/7/31 23:00:00,0,0,1.86969
2021/8/1 0:00:00,0,0,1.798065
2021/8/1 1:00:00,0,0,1.845815
2021/8/1 2:00:00,0,0,1.86969
2021/8/1 3:00:00,0,0,1.798065
2021/8/1 4:00:00,0,0,1.798065
2021/8/1 5:00:00,0,0,1.77419
2021/8/1 6:00:00,0,0,1.77419
2021/8/1 7:00:00,0,0,1.77419
2021/8/1 8:00:00,0,0,1.77419
2021/8/1 9:00:00,0,0,1.82194
2021/8/1 10:00:00,0,0,1.82194
2021/8/1 11:00:00,0,0,1.82194
2021/8/1 12:00:00,0,0,1.77419
2021/8/1 13:00:00,0,0,1.845815
2021/8/1 14:00:00,0,0,1.82790875
2021/8/1 15:00:00,0,0,1.8100025
2021/8/1 16:00:00,0,0,1.79209625
2021/8/1 17:00:00,0,0,1.77419
2021/8/1 18:00:00,0,0,1.798065
2021/8/1 19:00:00,0,0,1.77419
2021/8/1 20:00:00,0,0,1.750315
2021/8/1 21:00:00,0,0,1.798065
2021/8/1 22:00:00,0,0,1.750315
2021/8/1 23:00:00,0,0,1.82194
2021/8/2 0:00:00,0,0,1.77419
2021/8/2 1:00:00,0,0,1.72644
2021/8/2 2:00:00,0,0,1.798065
2021/8/2 3:00:00,0,0,1.750315
2021/8/2 4:00:00,0,0,1.72644
2021/8/2 5:00:00,0,0.008,1.702565
2021/8/2 6:00:00,0,0.432,1.798065
2021/8/2 7:00:00,0,0.432,1.77419
2021/8/2 8:00:00,0,0.456,1.82194
2021/8/2 9:00:00,0,0.456,1.82194
2021/8/2 10:00:00,0,0.456,1.845815
2021/8/2 11:00:00,0,0.456,1.82194
2021/8/2 12:00:00,0,0.456,1.750315
2021/8/2 13:00:00,0,0.456,1.750315
2021/8/2 14:00:00,0,0.456,1.7861275
2021/8/2 15:00:00,0,0.456,1.82194
2021/8/2 16:00:00,0,0.456,1.750315
2021/8/2 17:00:00,0,0.456,1.82194
2021/8/2 18:00:00,0,0.456,1.82194
2021/8/2 19:00:00,0,0.456,1.77419
2021/8/2 20:00:00,0,0.456,1.750315
2021/8/2 21:00:00,0,0.456,1.77419
2021/8/2 22:00:00,0,0.456,1.798065
2021/8/2 23:00:00,0,0.456,1.72644
2021/8/3 0:00:00,0,0.456,1.750315
2021/8/3 1:00:00,0,0.456,1.750315
2021/8/3 2:00:00,0,0.456,1.7861275
2021/8/3 3:00:00,0,0,1.82194
2021/8/3 4:00:00,0,0,1.8100025
2021/8/3 5:00:00,0,0,1.798065
2021/8/3 6:00:00,0,0.496,1.77419
2021/8/3 7:00:00,0,0.496,1.750315
2021/8/3 8:00:00,0,0.496,1.77419
2021/8/3 9:00:00,0,0.496,1.72644
2021/8/3 10:00:00,0,0.496,1.72644
2021/8/3 11:00:00,0,0.496,1.750315
2021/8/3 12:00:00,0,0.496,1.82194
2021/8/3 13:00:00,0,0.496,1.798065
2021/8/3 14:00:00,0,0.496,1.77419
2021/8/3 15:00:00,0,0.496,1.750315
2021/8/3 16:00:00,0,0.496,1.798065
2021/8/3 17:00:00,0,0.496,1.750315
2021/8/3 18:00:00,0,0.496,1.9293775
2021/8/3 19:00:00,0,0.496,2.10844
2021/8/3 20:00:00,0,0.496,2.275565
2021/8/3 21:00:00,0,0.496,2.132315
2021/8/3 22:00:00,0,0.496,2.084565
2021/8/3 23:00:00,0,0.496,1.989065
2021/8/4 0:00:00,0,0.496,1.941315
2021/8/4 1:00:00,0,0.496,1.91744
2021/8/4 2:00:00,0,0.496,1.91744
2021/8/4 3:00:00,0,0,1.91744
2021/8/4 4:00:00,0,0,1.9055025
2021/8/4 5:00:00,0,0,1.893565
2021/8/4 6:00:00,0,0,1.86969
2021/8/4 7:00:00,0,0,1.82194
2021/8/4 8:00:00,0,0,1.798065
2021/8/4 9:00:00,0,0,1.86969
2021/8/4 10:00:00,0,0,1.798065
2021/8/4 11:00:00,0,0,1.77419
2021/8/4 12:00:00,0,0,1.86969
2021/8/4 13:00:00,0,0,1.82194
2021/8/4 14:00:00,0,0,1.845815
2021/8/4 15:00:00,0,0,1.82194
2021/8/4 16:00:00,0,0,1.845815
2021/8/4 17:00:00,0,0,1.86969
2021/8/4 18:00:00,0,0,1.91744
2021/8/4 19:00:00,0,0,1.86969
2021/8/4 20:00:00,0,0,1.893565
2021/8/4 21:00:00,0,0,1.91744
2021/8/4 22:00:00,0,0,1.86969
2021/8/4 23:00:00,0,0,1.798065
2021/8/5 0:00:00,0,0,1.82194
2021/8/5 1:00:00,0,0,1.82194
2021/8/5 2:00:00,0,0,1.798065
2021/8/5 3:00:00,0,0,1.82194
2021/8/5 4:00:00,0,0,1.77419
2021/8/5 5:00:00,0,0,1.82194
2021/8/5 6:00:00,0,0,1.8338775
2021/8/5 7:00:00,0,0,1.845815
2021/8/5 8:00:00,0,0,1.82194
2021/8/5 9:00:00,0,0,1.798065
2021/8/5 10:00:00,0,0,1.750315
2021/8/5 11:00:00,0,0,1.750315
2021/8/5 12:00:00,0,0,1.82194
2021/8/5 13:00:00,0,0,1.798065
2021/8/5 14:00:00,0,0,1.77419
2021/8/5 15:00:00,0,0,2.084565
2021/8/5 16:00:00,0,0,2.036815
2021/8/5 17:00:00,0,0,1.91744
2021/8/5 18:00:00,0,0,2.06069
2021/8/5 19:00:00,0,0,1.989065
2021/8/5 20:00:00,0,0,1.91744
2021/8/5 21:00:00,0,0,1.96519
2021/8/5 22:00:00,0,0,1.91744
2021/8/5 23:00:00,0,0,1.845815
2021/8/6 0:00:00,0,0,1.91744
2021/8/6 1:00:00,0,0,1.845815
2021/8/6 2:00:00,0,0,1.845815
2021/8/6 3:00:00,0,0,1.845815
2021/8/6 4:00:00,0,0,1.845815
2021/8/6 5:00:00,0,0,1.82194
2021/8/6 6:00:00,0,0,1.77419
2021/8/6 7:00:00,0,0,1.798065
2021/8/6 8:00:00,0,0,1.750315
2021/8/6 9:00:00,0,0,1.72644
2021/8/6 10:00:00,0,0.04,1.798065
2021/8/6 11:00:00,0,0.056,1.750315
2021/8/6 12:00:00,0,0.064,1.845815
2021/8/6 13:00:00,0,0.064,1.798065
2021/8/6 14:00:00,0,0.064,1.750315
2021/8/6 15:00:00,0,0.064,1.750315
2021/8/6 16:00:00,0,0.064,1.77419
2021/8/6 17:00:00,0,0.064,1.86969
2021/8/6 18:00:00,0,0.064,1.91744
2021/8/6 19:00:00,0,0.064,1.91744
2021/8/6 20:00:00,0,0.064,1.893565
2021/8/6 21:00:00,0,0.064,1.845815
2021/8/6 22:00:00,0,0.064,1.845815
2021/8/6 23:00:00,0,0.064,1.798065
2021/8/7 0:00:00,0,0.064,1.86969
2021/8/7 1:00:00,0,0.064,1.77419
2021/8/7 2:00:00,0,0.08,1.845815
2021/8/7 3:00:00,0,0,1.77419
2021/8/7 4:00:00,0,0.008,1.86969
2021/8/7 5:00:00,0,0.016,1.77419
2021/8/7 6:00:00,0,0.024,1.77419
2021/8/7 7:00:00,0,0.04,1.941315
2021/8/7 8:00:00,0,0.048,1.893565
2021/8/7 9:00:00,0,0.048,1.941315
2021/8/7 10:00:00,0,0.048,1.845815
2021/8/7 11:00:00,0,0.048,1.893565
2021/8/7 12:00:00,0,0.048,1.893565
2021/8/7 13:00:00,0,0.048,1.82194
2021/8/7 14:00:00,0,0.048,1.86969
2021/8/7 15:00:00,0,0.048,1.798065
2021/8/7 16:00:00,0,0.048,1.750315
2021/8/7 17:00:00,0,0.048,2.20394
2021/8/7 18:00:00,0,0.048,2.10844
2021/8/7 19:00:00,0,0.048,2.132315
2021/8/7 20:00:00,0,0.048,2.084565
2021/8/7 21:00:00,0,0.048,2.06069
2021/8/7 22:00:00,0,0.048,1.96519
2021/8/7 23:00:00,0,0.048,1.96519
2021/8/8 0:00:00,0,0.048,1.96519
2021/8/8 1:00:00,0,0.048,1.989065
2021/8/8 2:00:00,0,0.048,1.91744
2021/8/8 3:00:00,0,0,1.96519
2021/8/8 4:00:00,0,0,1.941315
2021/8/8 5:00:00,0,0,1.893565
2021/8/8 6:00:00,0,0,1.82194
2021/8/8 7:00:00,0,0,1.82194
2021/8/8 8:00:00,0,0,1.86969
2021/8/8 9:00:00,0,0,1.845815
2021/8/8 10:00:00,0,0,1.82194
2021/8/8 11:00:00,0,0,1.86969
2021/8/8 12:00:00,0,0,1.845815
2021/8/8 13:00:00,0,0,1.845815
2021/8/8 14:00:00,0,0,1.845815
2021/8/8 15:00:00,0,0,1.845815
2021/8/8 16:00:00,0,0,1.798065
2021/8/8 17:00:00,0,0,1.82194
2021/8/8 18:00:00,0,0,1.77419
2021/8/8 19:00:00,0,0,1.82194
2021/8/8 20:00:00,0,0,1.82194
2021/8/8 21:00:00,0,0,1.77419
2021/8/8 22:00:00,0,0,1.82194
2021/8/8 23:00:00,0,0,1.845815
2021/8/9 0:00:00,0,0,1.845815
2021/8/9 1:00:00,0,0,1.750315
2021/8/9 2:00:00,0,0,1.77419
2021/8/9 3:00:00,0,0,1.893565
2021/8/9 4:00:00,0,0,1.798065
2021/8/9 5:00:00,0,0,1.82194
2021/8/9 6:00:00,0,0,1.72644
2021/8/9 7:00:00,0,0,1.750315
2021/8/9 8:00:00,0,0.008,1.77419
2021/8/9 9:00:00,0,0.008,1.77419
2021/8/9 10:00:00,0,0.008,1.750315
2021/8/9 11:00:00,0,0.008,1.750315
2021/8/9 12:00:00,0,0.008,1.82194
2021/8/9 13:00:00,0,0.008,1.82194
2021/8/9 14:00:00,0,0.008,1.798065
2021/8/9 15:00:00,0,0.008,1.798065
2021/8/9 16:00:00,0,0.008,1.750315
2021/8/9 17:00:00,0,0.008,1.96519
2021/8/9 18:00:00,0,0.008,1.750315
2021/8/9 19:00:00,0,0.008,1.750315
2021/8/9 20:00:00,0,0.008,1.82194
2021/8/9 21:00:00,0,0.008,1.72644
2021/8/9 22:00:00,0,0.008,1.798065
2021/8/9 23:00:00,0,0.008,1.77419
2021/8/10 0:00:00,0,0.008,1.72644
2021/8/10 1:00:00,0,0.008,1.82194
2021/8/10 2:00:00,0,0.008,1.798065
2021/8/10 3:00:00,0,0,1.72644
2021/8/10 4:00:00,0,0,1.77419
2021/8/10 5:00:00,0,0,1.702565
2021/8/10 6:00:00,0,0,1.702565
2021/8/10 7:00:00,0,0,1.77419
2021/8/10 8:00:00,0,0.016,1.77419
2021/8/10 9:00:00,0,0.016,1.750315
2021/8/10 10:00:00,0,0.016,1.72644
2021/8/10 11:00:00,0,0.016,1.750315
2021/8/10 12:00:00,0,0.016,1.77419
2021/8/10 13:00:00,0,0.016,1.798065
2021/8/10 14:00:00,0,0.016,1.750315
2021/8/10 15:00:00,0,0.016,1.77419
2021/8/10 16:00:00,0,0.016,1.72644
2021/8/10 17:00:00,0,0.016,1.798065
2021/8/10 18:00:00,0,0.016,1.77419
2021/8/10 19:00:00,0,0.016,1.702565
2021/8/10 20:00:00,0,0.016,1.750315
2021/8/10 21:00:00,0,0.016,1.798065
2021/8/10 22:00:00,0,0.016,1.77419
2021/8/10 23:00:00,0,0.016,1.77419
2021/8/11 0:00:00,0,0.016,1.77419
2021/8/11 1:00:00,0,0.016,1.702565
2021/8/11 2:00:00,0,0.016,1.72644
2021/8/11 3:00:00,0,0,1.702565
2021/8/11 4:00:00,0,0,1.702565
2021/8/11 5:00:00,0,0,1.702565
2021/8/11 6:00:00,0,0,1.72644
2021/8/11 7:00:00,0,0,1.798065
2021/8/11 8:00:00,0,0,1.72644
2021/8/11 9:00:00,0,0,1.77419
2021/8/11 10:00:00,0,0,1.67869
2021/8/11 11:00:00,0,0,1.750315
2021/8/11 12:00:00,0,0,1.77419
2021/8/11 13:00:00,0,0,1.77419
2021/8/11 14:00:00,0,0,1.72644
2021/8/11 15:00:00,0,0,1.77419
2021/8/11 16:00:00,0,0,1.72644
2021/8/11 17:00:00,0,0,1.72644
2021/8/11 18:00:00,0,0,1.750315
2021/8/11 19:00:00,0,0,1.702565
2021/8/11 20:00:00,0,0,1.702565
2021/8/11 21:00:00,0,0,1.67869
2021/8/11 22:00:00,0,0,1.702565
2021/8/11 23:00:00,0,0,1.7145025
2021/8/12 0:00:00,0,0.064,1.72644
2021/8/12 1:00:00,0,0.064,1.72644
2021/8/12 2:00:00,0,0,1.72644
2021/8/12 3:00:00,0,0,1.750315
2021/8/12 4:00:00,0,0.048,1.654815
2021/8/12 5:00:00,0,0.048,1.750315
2021/8/12 6:00:00,0,0.08,1.72644
2021/8/12 7:00:00,0,0.08,1.72644
2021/8/12 8:00:00,0,0.08,1.72644
2021/8/12 9:00:00,0,0.08,1.750315
2021/8/12 10:00:00,0,0.08,1.67869
2021/8/12 11:00:00,0,0.08,1.702565
2021/8/12 12:00:00,0,0.08,1.77419
2021/8/12 13:00:00,0,0.08,1.702565
2021/8/12 14:00:00,0,0.08,1.702565
2021/8/12 15:00:00,0,0.08,1.77419
2021/8/12 16:00:00,0,0.08,1.750315
2021/8/12 17:00:00,0,0.08,1.702565
2021/8/12 18:00:00,0,0.08,1.72644
2021/8/12 19:00:00,0,0.08,1.702565
2021/8/12 20:00:00,0,0.08,1.67869
2021/8/12 21:00:00,0,0.08,1.67869
2021/8/12 22:00:00,0,0.08,1.750315
2021/8/12 23:00:00,0,0.08,1.72644
2021/8/13 0:00:00,0,0,1.750315
2021/8/13 1:00:00,0,0,1.7145025
2021/8/13 2:00:00,0,0.112,1.67869
2021/8/13 3:00:00,0,0.112,1.72644
2021/8/13 4:00:00,0,0.544,1.72644
2021/8/13 5:00:00,0,0.568,1.702565
2021/8/13 6:00:00,0,0.568,1.702565
2021/8/13 7:00:00,0,0.568,1.67869
2021/8/13 8:00:00,0,0.568,1.702565
2021/8/13 9:00:00,0,0.568,1.702565
2021/8/13 10:00:00,0,0.568,1.72644
2021/8/13 11:00:00,0,0.568,1.67869
2021/8/13 12:00:00,0,0.568,1.72644
2021/8/13 13:00:00,0,0.568,1.72644
2021/8/13 14:00:00,0,0.568,1.72644
2021/8/13 15:00:00,0,0.568,1.750315
2021/8/13 16:00:00,0,0.568,1.77419
2021/8/13 17:00:00,0,0.568,1.7622525
2021/8/13 18:00:00,0,0.568,1.750315
2021/8/13 19:00:00,0,0.568,1.72644
2021/8/13 20:00:00,0,0.568,1.77419
2021/8/13 21:00:00,0,0.568,1.702565
2021/8/13 22:00:00,0,0.568,1.72644
2021/8/13 23:00:00,0,0.568,1.82194
2021/8/14 0:00:00,0,0,1.82194
2021/8/14 1:00:00,0,0,1.798065
2021/8/14 2:00:00,0,0,1.77419
2021/8/14 3:00:00,0,0,1.77419
2021/8/14 4:00:00,0,0,1.750315
2021/8/14 5:00:00,0,0,1.750315
2021/8/14 6:00:00,0,0,1.72644
2021/8/14 7:00:00,0,0,1.72644
2021/8/14 8:00:00,0,0,1.72644
2021/8/14 9:00:00,0,0,1.750315
2021/8/14 10:00:00,0,0,1.750315
2021/8/14 11:00:00,0,0,1.67869
2021/8/14 12:00:00,0,0,1.77419
2021/8/14 13:00:00,0,0,1.750315
2021/8/14 14:00:00,0,0,1.750315
2021/8/14 15:00:00,0,0,1.7145025
2021/8/14 16:00:00,0,0,1.67869
2021/8/14 17:00:00,0,0,1.82194
2021/8/14 18:00:00,0,0,1.96519
2021/8/14 19:00:00,0,0,2.371065
2021/8/14 20:00:00,0,0,2.609815
2021/8/14 21:00:00,0,0,2.657565
2021/8/14 22:00:00,0,0,2.466565
2021/8/14 23:00:00,0,0,2.418815
2021/8/15 0:00:00,0,0,2.25169
2021/8/15 1:00:00,0,0,2.227815
2021/8/15 2:00:00,0,0,2.15619
2021/8/15 3:00:00,0,0,2.06069
2021/8/15 4:00:00,0,0,2.01294
2021/8/15 5:00:00,0,0,2.01294
2021/8/15 6:00:00,0,0,2.01294
2021/8/15 7:00:00,0,0,1.941315
2021/8/15 8:00:00,0,0,1.96519
2021/8/15 9:00:00,0,0,1.941315
2021/8/15 10:00:00,0,0,1.893565
2021/8/15 11:00:00,0,0,1.91744
2021/8/15 12:00:00,0,0,1.91744
2021/8/15 13:00:00,0,0,1.86969
2021/8/15 14:00:00,0,0,1.845815
2021/8/15 15:00:00,0,0,1.845815
2021/8/15 16:00:00,0,0,1.86969
2021/8/15 17:00:00,0,0,1.82194
2021/8/15 18:00:00,0,0,1.86969
2021/8/15 19:00:00,0,0,1.82194
2021/8/15 20:00:00,0,0,1.77419
2021/8/15 21:00:00,0,0,1.845815
2021/8/15 22:00:00,0,0,1.845815
2021/8/15 23:00:00,0,0,1.750315
2021/8/16 0:00:00,0,0,1.750315
2021/8/16 1:00:00,0,0.192,1.7861275
2021/8/16 2:00:00,0,0.304,1.82194
2021/8/16 3:00:00,0,0.312,1.798065
2021/8/16 4:00:00,0,0.312,1.77419
2021/8/16 5:00:00,0,0.312,1.7861275
2021/8/16 6:00:00,0,0.312,1.798065
2021/8/16 7:00:00,0,0.312,1.77419
2021/8/16 8:00:00,0,0.312,1.750315
2021/8/16 9:00:00,0,0.312,1.798065
2021/8/16 10:00:00,0,0.312,1.72644
2021/8/16 11:00:00,0,0.312,1.77419
2021/8/16 12:00:00,0,0.312,1.702565
2021/8/16 13:00:00,0,0.312,1.750315
2021/8/16 14:00:00,0,0.312,1.750315
2021/8/16 15:00:00,0,0.312,1.72644
2021/8/16 16:00:00,0,0.312,1.77419
2021/8/16 17:00:00,0,0.312,1.77419
2021/8/16 18:00:00,0,0.312,1.77419
2021/8/16 19:00:00,0,0.312,1.77419
2021/8/16 20:00:00,0,0.312,1.77419
2021/8/16 21:00:00,0,0.312,1.7622525
2021/8/16 22:00:00,0,0.312,1.750315
2021/8/16 23:00:00,0,0.312,1.750315
2021/8/17 0:00:00,0,0,1.72644
2021/8/17 1:00:00,0,0,1.77419
2021/8/17 2:00:00,0,0,1.77419
2021/8/17 3:00:00,0,0,1.72644
2021/8/17 4:00:00,0,0,1.67869
2021/8/17 5:00:00,0,0,1.67869
2021/8/17 6:00:00,0,0,1.67869
2021/8/17 7:00:00,0,0,1.750315
2021/8/17 8:00:00,0,0,1.750315
2021/8/17 9:00:00,0,0,1.77419
2021/8/17 10:00:00,0,0,1.72644
2021/8/17 11:00:00,0,0,1.702565
2021/8/17 12:00:00,0,0,1.750315
2021/8/17 13:00:00,0,0,1.77419
2021/8/17 14:00:00,0,0,1.72644
2021/8/17 15:00:00,0,0,1.72644
2021/8/17 16:00:00,0,0,1.845815
2021/8/17 17:00:00,0,0,2.180065
2021/8/17 18:00:00,0,0,2.036815
2021/8/17 19:00:00,0,0,1.989065
2021/8/17 20:00:00,0,0,2.20394
2021/8/17 21:00:00,0,0,2.418815
2021/8/17 22:00:00,0,0,2.34719
2021/8/17 23:00:00,0,0,2.20394
2021/8/18 0:00:00,0,0,2.39494
2021/8/18 1:00:00,0,0,2.10844
2021/8/18 2:00:00,0,0,2.084565
2021/8/18 3:00:00,0,0,2.084565
2021/8/18 4:00:00,0,0,2.01294
2021/8/18 5:00:00,0,0,1.989065
2021/8/18 6:00:00,0,0,1.91744
2021/8/18 7:00:00,0,0,1.86969
2021/8/18 8:00:00,0,0,1.941315
2021/8/18 9:00:00,0,0,1.941315
2021/8/18 10:00:00,0,0,1.893565
2021/8/18 11:00:00,0,0,1.941315
2021/8/18 12:00:00,0,0,1.91744
2021/8/18 13:00:00,0,0,1.893565
2021/8/18 14:00:00,0,0,1.845815
2021/8/18 15:00:00,0,0,2.084565
2021/8/18 16:00:00,0,0,1.86969
2021/8/18 17:00:00,0,0,1.845815
2021/8/18 18:00:00,0,0,1.893565
2021/8/18 19:00:00,0,0,1.86969
2021/8/18 20:00:00,0,0,1.845815
2021/8/18 21:00:00,0,0,1.86969
2021/8/18 22:00:00,0,0,1.82194
2021/8/18 23:00:00,0,0,1.86969
2021/8/19 0:00:00,0,0,1.82194
2021/8/19 1:00:00,0,0,1.82194
2021/8/19 2:00:00,0,0,1.798065
2021/8/19 3:00:00,0,0,1.750315
2021/8/19 4:00:00,0,0,1.77419
2021/8/19 5:00:00,0,0,1.750315
2021/8/19 6:00:00,0,0,1.77419
2021/8/19 7:00:00,0,0,1.798065
2021/8/19 8:00:00,0,0,1.82194
2021/8/19 9:00:00,0,0,1.750315
2021/8/19 10:00:00,0,0,1.82194
2021/8/19 11:00:00,0,0,1.72644
2021/8/19 12:00:00,0,0,1.798065
2021/8/19 13:00:00,0,0,1.82194
2021/8/19 14:00:00,0,0,1.82194
2021/8/19 15:00:00,0,0,1.82194
2021/8/19 16:00:00,0,0,1.82194
2021/8/19 17:00:00,0,0,1.82194
2021/8/19 18:00:00,0,0,1.82194
2021/8/19 19:00:00,0,0,1.82194
2021/8/19 20:00:00,0,0,1.82194
2021/8/19 21:00:00,0,0,1.82194
2021/8/19 22:00:00,0,0,1.82194
2021/8/19 23:00:00,0,0,1.82194
2021/8/20 0:00:00,0,0,1.82194
2021/8/20 1:00:00,0,0,1.82194
2021/8/20 2:00:00,0,0,1.82194
2021/8/20 3:00:00,0,0,1.82194
2021/8/20 4:00:00,0,0,1.82194
2021/8/20 5:00:00,0,0,1.82194
2021/8/20 6:00:00,0,0,1.82194
2021/8/20 7:00:00,0,0,1.82194
2021/8/20 8:00:00,0,0,1.82194
2021/8/20 9:00:00,0,0,1.82194
2021/8/20 10:00:00,0,0,1.82194
2021/8/20 11:00:00,0,0,1.82194
2021/8/20 12:00:00,0,0,1.82194
2021/8/20 13:00:00,0,0,1.82194
2021/8/20 14:00:00,0,0,1.82194
2021/8/20 15:00:00,0,0,1.82194
2021/8/20 16:00:00,0,0,1.82194
2021/8/20 17:00:00,0,0,1.82194
2021/8/20 18:00:00,0,0,1.82194
2021/8/20 19:00:00,0,0,1.82194
2021/8/20 20:00:00,0,0,1.82194
2021/8/20 21:00:00,0,0,1.82194
2021/8/20 22:00:00,0,0,1.82194
2021/8/20 23:00:00,0,0,1.82194
2021/8/21 0:00:00,0,0,1.82194
2021/8/21 1:00:00,0,0,1.82194
2021/8/21 2:00:00,0,0,1.82194
2021/8/21 3:00:00,0,0,1.82194
2021/8/21 4:00:00,0,0,1.82194
2021/8/21 5:00:00,0,0,1.82194
2021/8/21 6:00:00,0,0,1.82194
2021/8/21 7:00:00,0,0,1.82194
2021/8/21 8:00:00,0,0,1.82194
2021/8/21 9:00:00,0,0,1.82194
2021/8/21 10:00:00,0,0,1.82194
2021/8/21 11:00:00,0,0,1.82194
2021/8/21 12:00:00,0,0,1.82194
2021/8/21 13:00:00,0,0,1.82194
2021/8/21 14:00:00,0,0,1.82194
2021/8/21 15:00:00,0,0,1.82194
2021/8/21 16:00:00,0,0,1.82194
2021/8/21 17:00:00,0,0,1.82194
2021/8/21 18:00:00,0,0,1.82194
2021/8/21 19:00:00,0,0,1.82194
2021/8/21 20:00:00,0,0,1.82194
2021/8/21 21:00:00,0,0,1.82194
2021/8/21 22:00:00,0,0,1.82194
2021/8/21 23:00:00,0,0,1.82194
2021/8/22 0:00:00,0,0,1.82194
2021/8/22 1:00:00,0,0,1.82194
2021/8/22 2:00:00,0,0,1.82194
2021/8/22 3:00:00,0,0,1.82194
2021/8/22 4:00:00,0,0,1.82194
2021/8/22 5:00:00,0,0,1.82194
2021/8/22 6:00:00,0,0,1.82194
2021/8/22 7:00:00,0,0,1.82194
2021/8/22 8:00:00,0,0,1.82194
2021/8/22 9:00:00,0,0,1.82194
2021/8/22 10:00:00,0,0,1.82194
2021/8/22 11:00:00,0,0,1.82194
2021/8/22 12:00:00,0,0,1.82194
2021/8/22 13:00:00,0,0,1.82194
2021/8/22 14:00:00,0,0,1.82194
2021/8/22 15:00:00,0,0,1.82194
2021/8/22 16:00:00,0,0,1.82194
2021/8/22 17:00:00,0,0,1.82194
2021/8/22 18:00:00,0,0,1.82194
2021/8/22 19:00:00,0,0,1.82194
2021/8/22 20:00:00,0,0,1.82194
2021/8/22 21:00:00,0,0,1.82194
2021/8/22 22:00:00,0,0,1.82194
2021/8/22 23:00:00,0,0,1.82194
2021/8/23 0:00:00,0,0,1.82194
2021/8/23 1:00:00,0,0,1.82194
2021/8/23 2:00:00,0,0,1.82194
2021/8/23 3:00:00,0,0,1.82194
2021/8/23 4:00:00,0,0,1.82194
2021/8/23 5:00:00,0,0,1.82194
2021/8/23 6:00:00,0,0,1.82194
2021/8/23 7:00:00,0,0,1.82194
2021/8/23 8:00:00,0,0,1.82194
2021/8/23 9:00:00,0,0,1.82194
2021/8/23 10:00:00,0,0,1.82194
2021/8/23 11:00:00,0,0,1.82194
2021/8/23 12:00:00,0,0,1.82194
2021/8/23 13:00:00,0,0,1.82194
2021/8/23 14:00:00,0,0,1.82194
2021/8/23 15:00:00,0,0,1.82194
2021/8/23 16:00:00,0,0,1.82194
2021/8/23 17:00:00,0,0,1.82194
2021/8/23 18:00:00,0,0,1.82194
2021/8/23 19:00:00,0,0,1.82194
2021/8/23 20:00:00,0,0,1.82194
2021/8/23 21:00:00,0,0,1.82194
2021/8/23 22:00:00,0,0,1.82194
2021/8/23 23:00:00,0,0,1.82194
2021/8/24 0:00:00,0,0,1.82194
2021/8/24 1:00:00,0,0,1.82194
2021/8/24 2:00:00,0,0,1.82194
2021/8/24 3:00:00,0,0,1.82194
2021/8/24 4:00:00,0,0,1.82194
2021/8/24 5:00:00,0,0,1.82194
2021/8/24 6:00:00,0,0,1.82194
2021/8/24 7:00:00,0,0,1.82194
2021/8/24 8:00:00,0,0,1.82194
2021/8/24 9:00:00,0,0,1.82194
2021/8/24 10:00:00,0,0,1.82194
2021/8/24 11:00:00,0,0,1.82194
2021/8/24 12:00:00,0,0,1.82194
2021/8/24 13:00:00,0,0,1.82194
2021/8/24 14:00:00,0,0,1.82194
2021/8/24 15:00:00,0,0,1.82194
2021/8/24 16:00:00,0,0,1.82194
2021/8/24 17:00:00,0,0,1.82194
2021/8/24 18:00:00,0,0,1.82194
2021/8/24 19:00:00,0,0,1.82194
2021/8/24 20:00:00,0,0,1.82194
2021/8/24 21:00:00,0,0,1.82194
2021/8/24 22:00:00,0,0,1.82194
2021/8/24 23:00:00,0,0,1.82194
2021/8/25 0:00:00,0,0,1.82194
2021/8/25 1:00:00,0,0,1.82194
2021/8/25 2:00:00,0,0,1.82194
2021/8/25 3:00:00,0,0,1.82194
2021/8/25 4:00:00,0,0,1.82194
2021/8/25 5:00:00,0,0,1.82194
2021/8/25 6:00:00,0,0,1.82194
2021/8/25 7:00:00,0,0,1.82194
2021/8/25 8:00:00,0,0,1.82194
2021/8/25 9:00:00,0,0,1.82194
2021/8/25 10:00:00,0,0,1.82194
2021/8/25 11:00:00,0,0,1.82194
2021/8/25 12:00:00,0,0,1.82194
2021/8/25 13:00:00,0,0,1.82194
2021/8/25 14:00:00,0,0,1.82194
2021/8/25 15:00:00,0,0,1.82194
2021/8/25 16:00:00,0,0,1.82194
2021/8/25 17:00:00,0,0,1.82194
2021/8/25 18:00:00,0,0,1.82194
2021/8/25 19:00:00,0,0,1.82194
2021/8/25 20:00:00,0,0,1.82194
2021/8/25 21:00:00,0,0,1.82194
2021/8/25 22:00:00,0,0,1.82194
2021/8/25 23:00:00,0,0,1.82194
2021/8/26 0:00:00,0,0,1.82194
2021/8/26 1:00:00,0,0,1.82194
2021/8/26 2:00:00,0,0,1.82194
2021/8/26 3:00:00,0,0,1.82194
2021/8/26 4:00:00,0,0,1.82194
2021/8/26 5:00:00,0,0,1.82194
2021/8/26 6:00:00,0,0,1.82194
2021/8/26 7:00:00,0,0,1.82194
2021/8/26 8:00:00,0,0,1.82194
2021/8/26 9:00:00,0,0,1.82194
2021/8/26 10:00:00,0,0,1.82194
2021/8/26 11:00:00,0,0,1.82194
2021/8/26 12:00:00,0,0,1.82194
2021/8/26 13:00:00,0,0,1.82194
2021/8/26 14:00:00,0,0,1.82194
2021/8/26 15:00:00,0,0,1.82194
2021/8/26 16:00:00,0,0,1.82194
2021/8/26 17:00:00,0,0,1.82194
2021/8/26 18:00:00,0,0,1.82194
2021/8/26 19:00:00,0,0,1.82194
2021/8/26 20:00:00,0,0,1.82194
2021/8/26 21:00:00,0,0,1.82194
2021/8/26 22:00:00,0,0,1.82194
2021/8/26 23:00:00,0,0,1.82194
2021/8/27 0:00:00,0,0,1.82194
2021/8/27 1:00:00,0,0,1.82194
2021/8/27 2:00:00,0,0,1.82194
2021/8/27 3:00:00,0,0,1.82194
2021/8/27 4:00:00,0,0,1.82194
2021/8/27 5:00:00,0,0,1.82194
2021/8/27 6:00:00,0,0,1.82194
2021/8/27 7:00:00,0,0,1.82194
2021/8/27 8:00:00,0,0,1.82194
2021/8/27 9:00:00,0,0,1.82194
2021/8/27 10:00:00,0,0,1.82194
2021/8/27 11:00:00,0,0,1.82194
2021/8/27 12:00:00,0,0,1.82194
2021/8/27 13:00:00,0,0,1.82194
2021/8/27 14:00:00,0,0,1.82194
2021/8/27 15:00:00,0,0,1.82194
2021/8/27 16:00:00,0,0,1.82194
2021/8/27 17:00:00,0,0,1.82194
2021/8/27 18:00:00,0,0,1.82194
2021/8/27 19:00:00,0,0,1.82194
2021/8/27 20:00:00,0,0,1.82194
2021/8/27 21:00:00,0,0,1.82194
2021/8/27 22:00:00,0,0,1.82194
2021/8/27 23:00:00,0,0,1.82194
2021/8/28 0:00:00,0,0,1.82194
2021/8/28 1:00:00,0,0,1.82194
2021/8/28 2:00:00,0,0,1.82194
2021/8/28 3:00:00,0,0,1.82194
2021/8/28 4:00:00,0,0,1.82194
2021/8/28 5:00:00,0,0,1.82194
2021/8/28 6:00:00,0,0,1.82194
2021/8/28 7:00:00,0,0,1.82194
2021/8/28 8:00:00,0,0,1.82194
2021/8/28 9:00:00,0,0,1.82194
2021/8/28 10:00:00,0,0,1.82194
2021/8/28 11:00:00,0,0,1.82194
2021/8/28 12:00:00,0,0,1.82194
2021/8/28 13:00:00,0,0,1.82194
2021/8/28 14:00:00,0,0,1.82194
2021/8/28 15:00:00,0,0,1.82194
2021/8/28 16:00:00,0,0,1.82194
2021/8/28 17:00:00,0,0,1.82194
2021/8/28 18:00:00,0,0,1.82194
2021/8/28 19:00:00,0,0,1.82194
2021/8/28 20:00:00,0,0,1.82194
2021/8/28 21:00:00,0,0,1.82194
2021/8/28 22:00:00,0,0,1.82194
2021/8/28 23:00:00,0,0,1.82194
2021/8/29 0:00:00,0,0,1.82194
2021/8/29 1:00:00,0,0,1.82194
2021/8/29 2:00:00,0,0,1.82194
2021/8/29 3:00:00,0,0,1.82194
2021/8/29 4:00:00,0,0,1.82194
2021/8/29 5:00:00,0,0,1.82194
2021/8/29 6:00:00,0,0,1.82194
2021/8/29 7:00:00,0,0,1.82194
2021/8/29 8:00:00,0,0,1.82194
2021/8/29 9:00:00,0,0,1.82194
2021/8/29 10:00:00,0,0,1.82194
2021/8/29 11:00:00,0,0,1.82194
2021/8/29 12:00:00,0,0,1.82194
2021/8/29 13:00:00,0,0,1.82194
2021/8/29 14:00:00,0,0,1.82194
2021/8/29 15:00:00,0,0,1.82194
2021/8/29 16:00:00,0,0,1.82194
2021/8/29 17:00:00,0,0,1.82194
2021/8/29 18:00:00,0,0,1.82194
2021/8/29 19:00:00,0,0,1.82194
2021/8/29 20:00:00,0,0,1.82194
2021/8/29 21:00:00,0,0,1.82194
2021/8/29 22:00:00,0,0,1.82194
2021/8/29 23:00:00,0,0,1.82194
2021/8/30 0:00:00,0,0,1.82194
2021/8/30 1:00:00,0,0,1.82194
2021/8/30 2:00:00,0,0,1.82194
2021/8/30 3:00:00,0,0,1.82194
2021/8/30 4:00:00,0,0,1.82194
2021/8/30 5:00:00,0,0,1.82194
2021/8/30 6:00:00,0,0,1.82194
2021/8/30 7:00:00,0,0,1.82194
2021/8/30 8:00:00,0,0,1.82194
2021/8/30 9:00:00,0,0,1.82194
2021/8/30 10:00:00,0,0,1.82194
2021/8/30 11:00:00,0,0,1.82194
2021/8/30 12:00:00,0,0,1.82194
2021/8/30 13:00:00,0,0,1.82194
2021/8/30 14:00:00,0,0,1.82194
2021/8/30 15:00:00,0,0,1.82194
2021/8/30 16:00:00,0,0,1.82194
2021/8/30 17:00:00,0,0,1.82194
2021/8/30 18:00:00,0,0,1.82194
2021/8/30 19:00:00,0,0,1.82194
2021/8/30 20:00:00,0,0,1.82194
2021/8/30 21:00:00,0,0,1.82194
2021/8/30 22:00:00,0,0,1.82194
2021/8/30 23:00:00,0,0,1.82194
2021/8/31 0:00:00,0,0,1.82194
2021/8/31 1:00:00,0,0,1.82194
2021/8/31 2:00:00,0,0,1.82194
2021/8/31 3:00:00,0,0,1.82194
2021/8/31 4:00:00,0,0,1.82194
2021/8/31 5:00:00,0,0,1.82194
2021/8/31 6:00:00,0,0,1.82194
2021/8/31 7:00:00,0,0,1.82194
2021/8/31 8:00:00,0,0,1.82194
2021/8/31 9:00:00,0,0,1.82194
2021/8/31 10:00:00,0,0,1.82194
2021/8/31 11:00:00,0,0,1.82194
2021/8/31 12:00:00,0,0,1.82194
2021/8/31 13:00:00,0,0,1.82194
2021/8/31 14:00:00,0,0,1.82194
2021/8/31 15:00:00,0,0,1.82194
2021/8/31 16:00:00,0,0,1.82194
2021/8/31 17:00:00,0,0,1.82194
2021/8/31 18:00:00,0,0,1.82194
2021/8/31 19:00:00,0,0,1.82194
2021/8/31 20:00:00,0,0,1.82194
2021/8/31 21:00:00,0,0,1.82194
2021/8/31 22:00:00,0,0,1.82194
2021/8/31 23:00:00,0,0,1.82194
2021/9/1 0:00:00,0,0,1.82194
